Year,Leading Cause,Sex,Race Ethnicity,Fatality
2010,Influenza (Flu) and Pneumonia (J09-J18),F,Hispanic,228
2008,"Accidents Except Drug Posioning (V01-X39, X43, X45-X59, Y85-Y86)",F,Hispanic,68
2013,"Accidents Except Drug Posioning (V01-X39, X43, X45-X59, Y85-Y86)",M,White Non-Hispanic,271
2010,Cerebrovascular Disease (Stroke: I60-I69),M,Hispanic,140
2009,"Assault (Homicide: Y87.1, X85-Y09)",M,Black Non-Hispanic,255
2012,"Mental and Behavioral Disorders due to Accidental Poisoning and Other Psychoactive Substance Use (F11-F16, F18-F19, X40-X42, X44)",F,Other Race/ Ethnicity,.
2012,Cerebrovascular Disease (Stroke: I60-I69),F,Asian and Pacific Islander,102
2009,"Essential Hypertension and Renal Diseases (I10, I12)",M,Asian and Pacific Islander,26
2010,All Other Causes,F,White Non-Hispanic,2140
2009,Alzheimer's Disease (G30),F,Other Race/ Ethnicity,.
2013,Cerebrovascular Disease (Stroke: I60-I69),M,Black Non-Hispanic,191
2011,Cerebrovascular Disease (Stroke: I60-I69),F,Black Non-Hispanic,281
2012,"Diseases of Heart (I00-I09, I11, I13, I20-I51)",F,Not Stated/Unknown,76
2013,"Intentional Self-Harm (Suicide: X60-X84, Y87.0)",M,Not Stated/Unknown,17
2011,Human Immunodeficiency Virus Disease (HIV: B20-B24),F,Hispanic,70
2011,"Accidents Except Drug Posioning (V01-X39, X43, X45-X59, Y85-Y86)",F,Other Race/ Ethnicity,.
2014,"Chronic Liver Disease and Cirrhosis (K70, K73)",M,Other Race/ Ethnicity,10
2007,"Diseases of Heart (I00-I09, I11, I13, I20-I51)",M,Black Non-Hispanic,2121
2008,"Chronic Liver Disease and Cirrhosis (K70, K73)",F,Not Stated/Unknown,.
2007,Alzheimer's Disease (G30),F,Not Stated/Unknown,.
2011,Alzheimer's Disease (G30),F,Hispanic,90
2009,Influenza (Flu) and Pneumonia (J09-J18),M,Hispanic,183
2008,"Accidents Except Drug Posioning (V01-X39, X43, X45-X59, Y85-Y86)",M,Not Stated/Unknown,13
2007,"Essential Hypertension and Renal Diseases (I10, I12)",M,White Non-Hispanic,123
2009,"Diseases of Heart (I00-I09, I11, I13, I20-I51)",M,Asian and Pacific Islander,554
2009,"Essential Hypertension and Renal Diseases (I10, I12)",F,Hispanic,84
2014,All Other Causes,F,Other Race/ Ethnicity,59
2012,Malignant Neoplasms (Cancer: C00-C97),F,Other Race/ Ethnicity,29
2010,All Other Causes,F,Black Non-Hispanic,1326
2007,"Chronic Liver Disease and Cirrhosis (K70, K73)",M,Hispanic,107
2011,Cerebrovascular Disease (Stroke: I60-I69),F,White Non-Hispanic,466
2008,Human Immunodeficiency Virus Disease (HIV: B20-B24),M,Black Non-Hispanic,356
2009,"Assault (Homicide: Y87.1, X85-Y09)",M,Black Non-Hispanic,255
2007,All Other Causes,F,White Non-Hispanic,1680
2011,Malignant Neoplasms (Cancer: C00-C97),M,White Non-Hispanic,3222
2014,"Essential Hypertension and Renal Diseases (I10, I12)",F,Other Race/ Ethnicity,.
2013,Malignant Neoplasms (Cancer: C00-C97),M,Black Non-Hispanic,1592
2010,Chronic Lower Respiratory Diseases (J40-J47),F,Not Stated/Unknown,6
2013,Cerebrovascular Disease (Stroke: I60-I69),F,Black Non-Hispanic,271
2013,Human Immunodeficiency Virus Disease (HIV: B20-B24),M,Black Non-Hispanic,204
2010,Cerebrovascular Disease (Stroke: I60-I69),M,Other Race/ Ethnicity,.
2009,"Diseases of Heart (I00-I09, I11, I13, I20-I51)",M,White Non-Hispanic,5168
2009,Diabetes Mellitus (E10-E14),M,White Non-Hispanic,290
2009,Influenza (Flu) and Pneumonia (J09-J18),F,Black Non-Hispanic,281
2007,"Chronic Liver Disease and Cirrhosis (K70, K73)",F,Not Stated/Unknown,.
2008,Certain Conditions originating in the Perinatal Period (P00-P96),F,Not Stated/Unknown,6
2008,"Essential Hypertension and Renal Diseases (I10, I12)",F,Not Stated/Unknown,.
2011,"Essential Hypertension and Renal Diseases (I10, I12)",M,Not Stated/Unknown,.
2013,"Essential Hypertension and Renal Diseases (I10, I12)",F,Other Race/ Ethnicity,8
2014,"Essential Hypertension and Renal Diseases (I10, I12)",F,Asian and Pacific Islander,29
2007,"Chronic Liver Disease and Cirrhosis (K70, K73)",M,Other Race/ Ethnicity,.
2013,All Other Causes,M,White Non-Hispanic,2293
2008,"Accidents Except Drug Posioning (V01-X39, X43, X45-X59, Y85-Y86)",M,Black Non-Hispanic,146
2007,Malignant Neoplasms (Cancer: C00-C97),M,Not Stated/Unknown,45
2008,Cerebrovascular Disease (Stroke: I60-I69),M,Hispanic,124
2009,"Diseases of Heart (I00-I09, I11, I13, I20-I51)",F,Asian and Pacific Islander,448
2011,"Mental and Behavioral Disorders due to Accidental Poisoning and Other Psychoactive Substance Use (F11-F16, F18-F19, X40-X42, X44)",M,Hispanic,145
2012,Diabetes Mellitus (E10-E14),F,Not Stated/Unknown,15
2007,"Accidents Except Drug Posioning (V01-X39, X43, X45-X59, Y85-Y86)",M,Other Race/ Ethnicity,5
2010,"Accidents Except Drug Posioning (V01-X39, X43, X45-X59, Y85-Y86)",M,White Non-Hispanic,271
2010,"Accidents Except Drug Posioning (V01-X39, X43, X45-X59, Y85-Y86)",F,White Non-Hispanic,163
2014,Septicemia (A40-A41),M,Not Stated/Unknown,8
2010,Malignant Neoplasms (Cancer: C00-C97),M,Not Stated/Unknown,46
2014,"Diseases of Heart (I00-I09, I11, I13, I20-I51)",F,Not Stated/Unknown,95
2008,"Mental and Behavioral Disorders due to Accidental Poisoning and Other Psychoactive Substance Use (F11-F16, F18-F19, X40-X42, X44)",M,Hispanic,172
2008,Malignant Neoplasms (Cancer: C00-C97),M,Black Non-Hispanic,1464
2008,"Essential Hypertension and Renal Diseases (I10, I12)",F,Other Race/ Ethnicity,.
2013,Diabetes Mellitus (E10-E14),M,Black Non-Hispanic,300
2007,Malignant Neoplasms (Cancer: C00-C97),M,Asian and Pacific Islander,528
2009,All Other Causes,F,Other Race/ Ethnicity,11
2007,Diabetes Mellitus (E10-E14),F,White Non-Hispanic,231
2008,Certain Conditions originating in the Perinatal Period (P00-P96),F,Other Race/ Ethnicity,.
2009,Influenza (Flu) and Pneumonia (J09-J18),M,White Non-Hispanic,555
2014,Human Immunodeficiency Virus Disease (HIV: B20-B24),F,Black Non-Hispanic,102
2011,Cerebrovascular Disease (Stroke: I60-I69),M,Hispanic,147
2013,Septicemia (A40-A41),F,Asian and Pacific Islander,16
2009,Chronic Lower Respiratory Diseases (J40-J47),M,Black Non-Hispanic,147
2007,Aortic Aneurysm and Dissection (I71),F,Not Stated/Unknown,.
2007,Cerebrovascular Disease (Stroke: I60-I69),M,Other Race/ Ethnicity,7
2009,Cerebrovascular Disease (Stroke: I60-I69),F,Other Race/ Ethnicity,.
2012,"Diseases of Heart (I00-I09, I11, I13, I20-I51)",F,Hispanic,1263
2013,"Accidents Except Drug Posioning (V01-X39, X43, X45-X59, Y85-Y86)",F,White Non-Hispanic,166
2014,Human Immunodeficiency Virus Disease (HIV: B20-B24),F,Not Stated/Unknown,7
2012,Aortic Aneurysm and Dissection (I71),F,Other Race/ Ethnicity,.
2007,Influenza (Flu) and Pneumonia (J09-J18),F,Black Non-Hispanic,295
2012,"Accidents Except Drug Posioning (V01-X39, X43, X45-X59, Y85-Y86)",M,Hispanic,191
2009,Influenza (Flu) and Pneumonia (J09-J18),F,Hispanic,216
2010,Malignant Neoplasms (Cancer: C00-C97),M,Hispanic,1057
2010,"Assault (Homicide: Y87.1, X85-Y09)",M,Other Race/ Ethnicity,.
2011,Diabetes Mellitus (E10-E14),F,Black Non-Hispanic,410
2011,Diabetes Mellitus (E10-E14),F,Asian and Pacific Islander,51
2013,"Chronic Liver Disease and Cirrhosis (K70, K73)",M,Not Stated/Unknown,16
2007,"Diseases of Heart (I00-I09, I11, I13, I20-I51)",F,Black Non-Hispanic,2722
2008,"Chronic Liver Disease and Cirrhosis (K70, K73)",M,Hispanic,149
2013,"Essential Hypertension and Renal Diseases (I10, I12)",M,Asian and Pacific Islander,33
2008,"Essential Hypertension and Renal Diseases (I10, I12)",F,Black Non-Hispanic,192
2012,Diabetes Mellitus (E10-E14),F,Other Race/ Ethnicity,9
2013,Chronic Lower Respiratory Diseases (J40-J47),F,Not Stated/Unknown,9
2007,Chronic Lower Respiratory Diseases (J40-J47),M,Other Race/ Ethnicity,.
2010,"Diseases of Heart (I00-I09, I11, I13, I20-I51)",M,White Non-Hispanic,4495
2012,"Diseases of Heart (I00-I09, I11, I13, I20-I51)",M,Black Non-Hispanic,1940
2008,Malignant Neoplasms (Cancer: C00-C97),F,White Non-Hispanic,3366
2014,Influenza (Flu) and Pneumonia (J09-J18),F,White Non-Hispanic,563
2009,"Accidents Except Drug Posioning (V01-X39, X43, X45-X59, Y85-Y86)",M,Other Race/ Ethnicity,.
2014,"Essential Hypertension and Renal Diseases (I10, I12)",F,White Non-Hispanic,180
2010,Diabetes Mellitus (E10-E14),M,Not Stated/Unknown,7
2009,Malignant Neoplasms (Cancer: C00-C97),M,Not Stated/Unknown,47
2010,Cerebrovascular Disease (Stroke: I60-I69),F,Not Stated/Unknown,.
2008,"Chronic Liver Disease and Cirrhosis (K70, K73)",F,Hispanic,63
2007,"Mental and Behavioral Disorders due to Accidental Poisoning and Other Psychoactive Substance Use (F11-F16, F18-F19, X40-X42, X44)",M,Not Stated/Unknown,10
2008,Malignant Neoplasms (Cancer: C00-C97),F,Not Stated/Unknown,36
2007,All Other Causes,F,Black Non-Hispanic,1230
2007,Cerebrovascular Disease (Stroke: I60-I69),F,Black Non-Hispanic,279
2009,"Accidents Except Drug Posioning (V01-X39, X43, X45-X59, Y85-Y86)",F,Asian and Pacific Islander,37
2012,Septicemia (A40-A41),M,Other Race/ Ethnicity,6
2014,Malignant Neoplasms (Cancer: C00-C97),F,Black Non-Hispanic,1852
2007,Influenza (Flu) and Pneumonia (J09-J18),M,White Non-Hispanic,530
2011,Malignant Neoplasms (Cancer: C00-C97),F,Not Stated/Unknown,11
2014,"Diseases of Heart (I00-I09, I11, I13, I20-I51)",M,Asian and Pacific Islander,554
2008,Aortic Aneurysm and Dissection (I71),M,Other Race/ Ethnicity,.
2010,Mental and Behavioral Disorders due to Use of Alcohol (F10),M,Other Race/ Ethnicity,.
2014,"Assault (Homicide: Y87.1, X85-Y09)",M,Black Non-Hispanic,186
2009,Certain Conditions originating in the Perinatal Period (P00-P96),F,Not Stated/Unknown,.
2010,Influenza (Flu) and Pneumonia (J09-J18),M,Hispanic,235
2010,"Diseases of Heart (I00-I09, I11, I13, I20-I51)",F,Black Non-Hispanic,2282
2008,Cerebrovascular Disease (Stroke: I60-I69),F,Asian and Pacific Islander,65
2009,"Diseases of Heart (I00-I09, I11, I13, I20-I51)",M,Other Race/ Ethnicity,38
2010,Insitu or Benign / Uncertain Neoplasms (D00-D48),F,Not Stated/Unknown,.
2007,"Accidents Except Drug Posioning (V01-X39, X43, X45-X59, Y85-Y86)",M,White Non-Hispanic,297
2011,Chronic Lower Respiratory Diseases (J40-J47),F,Hispanic,156
2010,"Essential Hypertension and Renal Diseases (I10, I12)",F,Other Race/ Ethnicity,.
2012,Diabetes Mellitus (E10-E14),F,Asian and Pacific Islander,57
2014,Influenza (Flu) and Pneumonia (J09-J18),M,Not Stated/Unknown,14
2007,Mental and Behavioral Disorders due to Use of Alcohol (F10),M,Not Stated/Unknown,.
2010,Malignant Neoplasms (Cancer: C00-C97),M,Asian and Pacific Islander,526
2013,All Other Causes,M,Hispanic,1193
2014,All Other Causes,M,Black Non-Hispanic,1375
2011,"Mental and Behavioral Disorders due to Accidental Poisoning and Other Psychoactive Substance Use (F11-F16, F18-F19, X40-X42, X44)",M,Not Stated/Unknown,5
2012,"Mental and Behavioral Disorders due to Accidental Poisoning and Other Psychoactive Substance Use (F11-F16, F18-F19, X40-X42, X44)",M,Not Stated/Unknown,7
2011,Influenza (Flu) and Pneumonia (J09-J18),F,Black Non-Hispanic,273
2010,Influenza (Flu) and Pneumonia (J09-J18),F,Black Non-Hispanic,275
2012,Chronic Lower Respiratory Diseases (J40-J47),F,Not Stated/Unknown,8
2012,Cerebrovascular Disease (Stroke: I60-I69),M,Hispanic,129
2014,Human Immunodeficiency Virus Disease (HIV: B20-B24),M,Other Race/ Ethnicity,10
2009,"Accidents Except Drug Posioning (V01-X39, X43, X45-X59, Y85-Y86)",M,Asian and Pacific Islander,55
2008,Certain Conditions originating in the Perinatal Period (P00-P96),M,Not Stated/Unknown,6
2014,Chronic Lower Respiratory Diseases (J40-J47),F,White Non-Hispanic,515
2012,Cerebrovascular Disease (Stroke: I60-I69),M,Asian and Pacific Islander,70
2007,All Other Causes,F,Hispanic,820
2009,"Assault (Homicide: Y87.1, X85-Y09)",M,Black Non-Hispanic,255
2012,Malignant Neoplasms (Cancer: C00-C97),F,Asian and Pacific Islander,461
2011,Parkinson's Disease (G20),F,Not Stated/Unknown,.
2011,Cerebrovascular Disease (Stroke: I60-I69),M,White Non-Hispanic,290
2014,Cerebrovascular Disease (Stroke: I60-I69),M,Black Non-Hispanic,197
2010,All Other Causes,F,Hispanic,1007
2013,"Intentional Self-Harm (Suicide: X60-X84, Y87.0)",F,Other Race/ Ethnicity,5
2011,"Intentional Self-Harm (Suicide: X60-X84, Y87.0)",F,Other Race/ Ethnicity,.
2007,"Nephritis, Nephrotic Syndrome and Nephrisis (N00-N07, N17-N19, N25-N27)",F,White Non-Hispanic,89
2014,Malignant Neoplasms (Cancer: C00-C97),F,Other Race/ Ethnicity,66
2010,Diabetes Mellitus (E10-E14),F,Other Race/ Ethnicity,7
2013,"Diseases of Heart (I00-I09, I11, I13, I20-I51)",F,White Non-Hispanic,4535
2010,Diabetes Mellitus (E10-E14),F,Hispanic,219
2014,Malignant Neoplasms (Cancer: C00-C97),M,Black Non-Hispanic,1532
2009,All Other Causes,M,Other Race/ Ethnicity,18
2009,"Chronic Liver Disease and Cirrhosis (K70, K73)",M,Hispanic,119
2012,Septicemia (A40-A41),F,White Non-Hispanic,113
2008,Diabetes Mellitus (E10-E14),M,Other Race/ Ethnicity,.
2007,Chronic Lower Respiratory Diseases (J40-J47),F,Hispanic,116
2013,Malignant Neoplasms (Cancer: C00-C97),M,Asian and Pacific Islander,633
2010,Influenza (Flu) and Pneumonia (J09-J18),M,Other Race/ Ethnicity,6
2013,Chronic Lower Respiratory Diseases (J40-J47),F,Asian and Pacific Islander,27
2012,Alzheimer's Disease (G30),F,Hispanic,126
2011,"Diseases of Heart (I00-I09, I11, I13, I20-I51)",F,White Non-Hispanic,5016
2008,All Other Causes,F,Asian and Pacific Islander,214
2008,"Mental and Behavioral Disorders due to Accidental Poisoning and Other Psychoactive Substance Use (F11-F16, F18-F19, X40-X42, X44)",F,White Non-Hispanic,86
2008,Cerebrovascular Disease (Stroke: I60-I69),M,Black Non-Hispanic,206
2013,Diabetes Mellitus (E10-E14),M,Not Stated/Unknown,19
2010,"Essential Hypertension and Renal Diseases (I10, I12)",F,Black Non-Hispanic,252
2013,"Diseases of Heart (I00-I09, I11, I13, I20-I51)",F,Not Stated/Unknown,106
2009,Alzheimer's Disease (G30),F,Hispanic,56
2014,Diabetes Mellitus (E10-E14),F,Hispanic,209
2008,Chronic Lower Respiratory Diseases (J40-J47),M,Black Non-Hispanic,169
2014,Cerebrovascular Disease (Stroke: I60-I69),M,White Non-Hispanic,277
2012,"Diseases of Heart (I00-I09, I11, I13, I20-I51)",F,Black Non-Hispanic,2269
2010,"Essential Hypertension and Renal Diseases (I10, I12)",F,Asian and Pacific Islander,33
2010,"Diseases of Heart (I00-I09, I11, I13, I20-I51)",M,Other Race/ Ethnicity,52
2008,Human Immunodeficiency Virus Disease (HIV: B20-B24),M,Hispanic,222
2011,Septicemia (A40-A41),F,Not Stated/Unknown,.
2008,Chronic Lower Respiratory Diseases (J40-J47),F,Black Non-Hispanic,191
2010,"Mental and Behavioral Disorders due to Accidental Poisoning and Other Psychoactive Substance Use (F11-F16, F18-F19, X40-X42, X44)",M,Hispanic,138
2011,All Other Causes,M,White Non-Hispanic,2165
2009,"Chronic Liver Disease and Cirrhosis (K70, K73)",M,Asian and Pacific Islander,17
2008,Chronic Lower Respiratory Diseases (J40-J47),F,Other Race/ Ethnicity,.
2012,Malignant Neoplasms (Cancer: C00-C97),M,Not Stated/Unknown,53
2012,Diabetes Mellitus (E10-E14),M,Black Non-Hispanic,308
2008,All Other Causes,M,White Non-Hispanic,1824
2014,"Diseases of Heart (I00-I09, I11, I13, I20-I51)",M,Other Race/ Ethnicity,63
2013,"Mental and Behavioral Disorders due to Accidental Poisoning and Other Psychoactive Substance Use (F11-F16, F18-F19, X40-X42, X44)",M,Hispanic,188
2013,Certain Conditions originating in the Perinatal Period (P00-P96),M,Not Stated/Unknown,25
2012,All Other Causes,F,Other Race/ Ethnicity,22
2013,Chronic Lower Respiratory Diseases (J40-J47),M,Asian and Pacific Islander,72
2007,Diabetes Mellitus (E10-E14),M,Hispanic,177
2014,Influenza (Flu) and Pneumonia (J09-J18),F,Other Race/ Ethnicity,9
2011,Malignant Neoplasms (Cancer: C00-C97),F,White Non-Hispanic,3371
2011,Cerebrovascular Disease (Stroke: I60-I69),M,Black Non-Hispanic,200
2012,Diabetes Mellitus (E10-E14),M,Other Race/ Ethnicity,8
2013,Malignant Neoplasms (Cancer: C00-C97),F,Black Non-Hispanic,1784
2008,"Essential Hypertension and Renal Diseases (I10, I12)",M,Other Race/ Ethnicity,.
2010,Influenza (Flu) and Pneumonia (J09-J18),F,Other Race/ Ethnicity,.
2007,Influenza (Flu) and Pneumonia (J09-J18),M,Hispanic,189
2009,Chronic Lower Respiratory Diseases (J40-J47),M,White Non-Hispanic,371
2007,Insitu or Benign / Uncertain Neoplasms (D00-D48),F,Not Stated/Unknown,.
2012,Malignant Neoplasms (Cancer: C00-C97),F,Not Stated/Unknown,36
2012,Chronic Lower Respiratory Diseases (J40-J47),F,Asian and Pacific Islander,39
2007,Malignant Neoplasms (Cancer: C00-C97),F,Other Race/ Ethnicity,22
2012,Human Immunodeficiency Virus Disease (HIV: B20-B24),M,Hispanic,103
2011,"Diseases of Heart (I00-I09, I11, I13, I20-I51)",F,Other Race/ Ethnicity,31
2007,Cerebrovascular Disease (Stroke: I60-I69),M,Black Non-Hispanic,213
2009,Chronic Lower Respiratory Diseases (J40-J47),F,Not Stated/Unknown,7
2014,Chronic Lower Respiratory Diseases (J40-J47),M,Asian and Pacific Islander,95
2011,Certain Conditions originating in the Perinatal Period (P00-P96),M,Asian and Pacific Islander,19
2009,Malignant Neoplasms (Cancer: C00-C97),F,Hispanic,1097
2009,"Chronic Liver Disease and Cirrhosis (K70, K73)",M,Not Stated/Unknown,10
2009,Alzheimer's Disease (G30),F,Not Stated/Unknown,.
2012,Cerebrovascular Disease (Stroke: I60-I69),M,White Non-Hispanic,285
2011,"Diseases of Heart (I00-I09, I11, I13, I20-I51)",M,Hispanic,1201
2011,Chronic Lower Respiratory Diseases (J40-J47),M,Other Race/ Ethnicity,.
2012,"Accidents Except Drug Posioning (V01-X39, X43, X45-X59, Y85-Y86)",F,Not Stated/Unknown,.
2009,"Essential Hypertension and Renal Diseases (I10, I12)",M,White Non-Hispanic,148
2013,Diabetes Mellitus (E10-E14),F,Hispanic,221
2011,Malignant Neoplasms (Cancer: C00-C97),M,Not Stated/Unknown,27
2013,Viral Hepatitis (B15-B19),F,Asian and Pacific Islander,15
2009,"Mental and Behavioral Disorders due to Accidental Poisoning and Other Psychoactive Substance Use (F11-F16, F18-F19, X40-X42, X44)",M,Other Race/ Ethnicity,.
2014,"Diseases of Heart (I00-I09, I11, I13, I20-I51)",M,Not Stated/Unknown,115
2009,"Diseases of Heart (I00-I09, I11, I13, I20-I51)",F,White Non-Hispanic,6297
2011,Human Immunodeficiency Virus Disease (HIV: B20-B24),M,Hispanic,162
2014,Malignant Neoplasms (Cancer: C00-C97),F,Asian and Pacific Islander,502
2012,All Other Causes,M,Hispanic,1199
2011,"Essential Hypertension and Renal Diseases (I10, I12)",M,Black Non-Hispanic,154
2012,"Diseases of Heart (I00-I09, I11, I13, I20-I51)",M,Other Race/ Ethnicity,39
2008,Diabetes Mellitus (E10-E14),F,Black Non-Hispanic,380
2011,All Other Causes,M,Black Non-Hispanic,1337
2007,Human Immunodeficiency Virus Disease (HIV: B20-B24),F,Not Stated/Unknown,5
2010,Chronic Lower Respiratory Diseases (J40-J47),M,Black Non-Hispanic,202
2012,Influenza (Flu) and Pneumonia (J09-J18),F,Other Race/ Ethnicity,6
2010,All Other Causes,M,Other Race/ Ethnicity,25
2014,Cerebrovascular Disease (Stroke: I60-I69),F,White Non-Hispanic,418
2008,Human Immunodeficiency Virus Disease (HIV: B20-B24),F,Black Non-Hispanic,227
2010,Septicemia (A40-A41),F,Not Stated/Unknown,.
2008,Diabetes Mellitus (E10-E14),F,Hispanic,228
2013,Chronic Lower Respiratory Diseases (J40-J47),F,White Non-Hispanic,521
2013,"Accidents Except Drug Posioning (V01-X39, X43, X45-X59, Y85-Y86)",M,Hispanic,189
2012,Influenza (Flu) and Pneumonia (J09-J18),M,Asian and Pacific Islander,76
2011,"Accidents Except Drug Posioning (V01-X39, X43, X45-X59, Y85-Y86)",F,Asian and Pacific Islander,43
2010,"Intentional Self-Harm (Suicide: X60-X84, Y87.0)",F,Asian and Pacific Islander,17
2011,"Mental and Behavioral Disorders due to Accidental Poisoning and Other Psychoactive Substance Use (F11-F16, F18-F19, X40-X42, X44)",M,Black Non-Hispanic,135
2012,Influenza (Flu) and Pneumonia (J09-J18),F,Asian and Pacific Islander,74
2013,Influenza (Flu) and Pneumonia (J09-J18),F,Hispanic,204
2013,Malignant Neoplasms (Cancer: C00-C97),F,Other Race/ Ethnicity,43
2011,"Diseases of Heart (I00-I09, I11, I13, I20-I51)",F,Asian and Pacific Islander,402
2014,"Chronic Liver Disease and Cirrhosis (K70, K73)",F,Hispanic,66
2009,Diabetes Mellitus (E10-E14),F,White Non-Hispanic,229
2013,All Other Causes,M,Black Non-Hispanic,1341
2012,Malignant Neoplasms (Cancer: C00-C97),F,Hispanic,1125
2011,"Intentional Self-Harm (Suicide: X60-X84, Y87.0)",F,Asian and Pacific Islander,21
2010,"Essential Hypertension and Renal Diseases (I10, I12)",F,Not Stated/Unknown,5
2007,"Nephritis, Nephrotic Syndrome and Nephrisis (N00-N07, N17-N19, N25-N27)",F,Asian and Pacific Islander,13
2014,Cerebrovascular Disease (Stroke: I60-I69),M,Hispanic,165
2007,Influenza (Flu) and Pneumonia (J09-J18),F,Asian and Pacific Islander,58
2010,Alzheimer's Disease (G30),F,White Non-Hispanic,247
2013,Septicemia (A40-A41),F,White Non-Hispanic,135
2008,"Diseases of Heart (I00-I09, I11, I13, I20-I51)",M,Hispanic,1330
2008,Cerebrovascular Disease (Stroke: I60-I69),M,Asian and Pacific Islander,48
2008,Chronic Lower Respiratory Diseases (J40-J47),F,Not Stated/Unknown,.
2008,Cerebrovascular Disease (Stroke: I60-I69),F,Black Non-Hispanic,267
2011,"Diseases of Heart (I00-I09, I11, I13, I20-I51)",F,Not Stated/Unknown,43
2011,"Essential Hypertension and Renal Diseases (I10, I12)",M,White Non-Hispanic,142
2010,All Other Causes,F,Other Race/ Ethnicity,27
2012,"Nephritis, Nephrotic Syndrome and Nephrisis (N00-N07, N17-N19, N25-N27)",F,Asian and Pacific Islander,22
2011,Diabetes Mellitus (E10-E14),F,Hispanic,196
2009,All Other Causes,F,Black Non-Hispanic,1305
2011,Alzheimer's Disease (G30),F,Black Non-Hispanic,90
2012,"Accidents Except Drug Posioning (V01-X39, X43, X45-X59, Y85-Y86)",F,Hispanic,60
2010,"Diseases of Heart (I00-I09, I11, I13, I20-I51)",F,White Non-Hispanic,5351
2013,Malignant Neoplasms (Cancer: C00-C97),M,White Non-Hispanic,3132
2008,All Other Causes,F,White Non-Hispanic,1706
2014,All Other Causes,F,Asian and Pacific Islander,339
2007,Diabetes Mellitus (E10-E14),M,Other Race/ Ethnicity,11
2007,"Diseases of Heart (I00-I09, I11, I13, I20-I51)",F,Asian and Pacific Islander,428
2013,Malignant Neoplasms (Cancer: C00-C97),F,White Non-Hispanic,3187
2013,"Essential Hypertension and Renal Diseases (I10, I12)",F,Not Stated/Unknown,7
2011,Malignant Neoplasms (Cancer: C00-C97),M,Asian and Pacific Islander,550
2007,Chronic Lower Respiratory Diseases (J40-J47),M,Not Stated/Unknown,.
2007,"Diseases of Heart (I00-I09, I11, I13, I20-I51)",M,Other Race/ Ethnicity,36
2012,Alzheimer's Disease (G30),F,Other Race/ Ethnicity,.
2009,"Mental and Behavioral Disorders due to Accidental Poisoning and Other Psychoactive Substance Use (F11-F16, F18-F19, X40-X42, X44)",F,White Non-Hispanic,75
2012,Chronic Lower Respiratory Diseases (J40-J47),F,White Non-Hispanic,507
2009,"Essential Hypertension and Renal Diseases (I10, I12)",F,White Non-Hispanic,215
2014,Cerebrovascular Disease (Stroke: I60-I69),F,Not Stated/Unknown,10
2008,"Assault (Homicide: Y87.1, X85-Y09)",M,Not Stated/Unknown,8
2014,Diabetes Mellitus (E10-E14),M,Not Stated/Unknown,8
2007,"Accidents Except Drug Posioning (V01-X39, X43, X45-X59, Y85-Y86)",M,Asian and Pacific Islander,53
2009,Diabetes Mellitus (E10-E14),F,Black Non-Hispanic,384
2012,Cerebrovascular Disease (Stroke: I60-I69),F,Not Stated/Unknown,9
2007,Malignant Neoplasms (Cancer: C00-C97),F,Not Stated/Unknown,51
2011,All Other Causes,F,Asian and Pacific Islander,278
2009,All Other Causes,M,Black Non-Hispanic,1246
2013,"Accidents Except Drug Posioning (V01-X39, X43, X45-X59, Y85-Y86)",M,Black Non-Hispanic,159
2014,"Intentional Self-Harm (Suicide: X60-X84, Y87.0)",M,Asian and Pacific Islander,50
2008,"Mental and Behavioral Disorders due to Accidental Poisoning and Other Psychoactive Substance Use (F11-F16, F18-F19, X40-X42, X44)",M,White Non-Hispanic,227
2011,"Assault (Homicide: Y87.1, X85-Y09)",M,Black Non-Hispanic,266
2007,"Accidents Except Drug Posioning (V01-X39, X43, X45-X59, Y85-Y86)",F,Other Race/ Ethnicity,.
2013,All Other Causes,F,Asian and Pacific Islander,320
2014,Cerebrovascular Disease (Stroke: I60-I69),F,Asian and Pacific Islander,112
2009,Diabetes Mellitus (E10-E14),M,Hispanic,172
2013,"Essential Hypertension and Renal Diseases (I10, I12)",M,White Non-Hispanic,156
2008,"Congenital Malformations, Deformations, and Chromosomal Abnormalities (Q00-Q99)",M,Asian and Pacific Islander,14
2010,Chronic Lower Respiratory Diseases (J40-J47),M,Other Race/ Ethnicity,5
2008,"Intentional Self-Harm (Suicide: X60-X84, Y87.0)",F,Asian and Pacific Islander,26
2010,Diabetes Mellitus (E10-E14),M,White Non-Hispanic,245
2014,"Intentional Self-Harm (Suicide: X60-X84, Y87.0)",F,Other Race/ Ethnicity,5
2012,"Assault (Homicide: Y87.1, X85-Y09)",M,Other Race/ Ethnicity,.
2014,"Accidents Except Drug Posioning (V01-X39, X43, X45-X59, Y85-Y86)",F,Not Stated/Unknown,.
2008,"Assault (Homicide: Y87.1, X85-Y09)",M,Other Race/ Ethnicity,5
2009,"Diseases of Heart (I00-I09, I11, I13, I20-I51)",F,Black Non-Hispanic,2535
2014,Chronic Lower Respiratory Diseases (J40-J47),M,Not Stated/Unknown,14
2010,"Essential Hypertension and Renal Diseases (I10, I12)",M,Black Non-Hispanic,178
2013,All Other Causes,F,Not Stated/Unknown,79
2010,"Assault (Homicide: Y87.1, X85-Y09)",M,Black Non-Hispanic,299
2014,Chronic Lower Respiratory Diseases (J40-J47),M,Hispanic,145
2008,"Diseases of Heart (I00-I09, I11, I13, I20-I51)",M,White Non-Hispanic,5503
2009,Chronic Lower Respiratory Diseases (J40-J47),F,Hispanic,155
2012,Certain Conditions originating in the Perinatal Period (P00-P96),M,Not Stated/Unknown,17
2008,All Other Causes,F,Black Non-Hispanic,1268
2012,Septicemia (A40-A41),F,Other Race/ Ethnicity,.
2011,Human Immunodeficiency Virus Disease (HIV: B20-B24),F,Black Non-Hispanic,144
2008,Alzheimer's Disease (G30),F,White Non-Hispanic,151
2009,Cerebrovascular Disease (Stroke: I60-I69),F,Hispanic,154
2010,Malignant Neoplasms (Cancer: C00-C97),F,White Non-Hispanic,3438
2009,Chronic Lower Respiratory Diseases (J40-J47),F,Asian and Pacific Islander,30
2014,"Intentional Self-Harm (Suicide: X60-X84, Y87.0)",F,Asian and Pacific Islander,28
2013,Alzheimer's Disease (G30),M,Other Race/ Ethnicity,.
2007,All Other Causes,M,Hispanic,988
2009,"Accidents Except Drug Posioning (V01-X39, X43, X45-X59, Y85-Y86)",M,White Non-Hispanic,279
2011,Influenza (Flu) and Pneumonia (J09-J18),F,Asian and Pacific Islander,83
2013,Cerebrovascular Disease (Stroke: I60-I69),F,Hispanic,222
2012,Cerebrovascular Disease (Stroke: I60-I69),M,Not Stated/Unknown,10
2014,"Diseases of Heart (I00-I09, I11, I13, I20-I51)",M,White Non-Hispanic,3990
2009,"Accidents Except Drug Posioning (V01-X39, X43, X45-X59, Y85-Y86)",M,Not Stated/Unknown,16
2008,Chronic Lower Respiratory Diseases (J40-J47),F,White Non-Hispanic,518
2012,All Other Causes,F,White Non-Hispanic,2444
2013,Cerebrovascular Disease (Stroke: I60-I69),M,Hispanic,158
2013,"Essential Hypertension and Renal Diseases (I10, I12)",F,Asian and Pacific Islander,50
2007,Influenza (Flu) and Pneumonia (J09-J18),M,Black Non-Hispanic,229
2011,All Other Causes,M,Asian and Pacific Islander,340
2014,"Essential Hypertension and Renal Diseases (I10, I12)",M,Black Non-Hispanic,155
2011,"Congenital Malformations, Deformations, and Chromosomal Abnormalities (Q00-Q99)",M,Not Stated/Unknown,.
2012,Chronic Lower Respiratory Diseases (J40-J47),M,Black Non-Hispanic,184
2009,Malignant Neoplasms (Cancer: C00-C97),F,Asian and Pacific Islander,398
2007,Diabetes Mellitus (E10-E14),F,Black Non-Hispanic,358
2010,Chronic Lower Respiratory Diseases (J40-J47),F,Black Non-Hispanic,206
2014,All Other Causes,M,Other Race/ Ethnicity,74
2007,Diabetes Mellitus (E10-E14),M,Black Non-Hispanic,246
2012,Chronic Lower Respiratory Diseases (J40-J47),M,White Non-Hispanic,352
2011,"Nephritis, Nephrotic Syndrome and Nephrisis (N00-N07, N17-N19, N25-N27)",F,Black Non-Hispanic,83
2012,"Diseases of Heart (I00-I09, I11, I13, I20-I51)",M,Hispanic,1251
2007,Cerebrovascular Disease (Stroke: I60-I69),F,Asian and Pacific Islander,70
2013,"Diseases of Heart (I00-I09, I11, I13, I20-I51)",M,Black Non-Hispanic,1868
2007,Diabetes Mellitus (E10-E14),M,Not Stated/Unknown,9
2007,Cerebrovascular Disease (Stroke: I60-I69),F,Hispanic,164
2010,Cerebrovascular Disease (Stroke: I60-I69),M,Black Non-Hispanic,171
2009,Cerebrovascular Disease (Stroke: I60-I69),F,Black Non-Hispanic,245
2010,"Essential Hypertension and Renal Diseases (I10, I12)",F,Hispanic,95
2008,Malignant Neoplasms (Cancer: C00-C97),M,Hispanic,1080
2011,"Mental and Behavioral Disorders due to Accidental Poisoning and Other Psychoactive Substance Use (F11-F16, F18-F19, X40-X42, X44)",F,Not Stated/Unknown,.
2013,Influenza (Flu) and Pneumonia (J09-J18),F,White Non-Hispanic,622
2009,"Accidents Except Drug Posioning (V01-X39, X43, X45-X59, Y85-Y86)",M,Black Non-Hispanic,134
2012,Influenza (Flu) and Pneumonia (J09-J18),M,Hispanic,205
2008,Diabetes Mellitus (E10-E14),M,Black Non-Hispanic,265
2010,Viral Hepatitis (B15-B19),F,Not Stated/Unknown,.
2008,Human Immunodeficiency Virus Disease (HIV: B20-B24),M,Not Stated/Unknown,9
2009,Cerebrovascular Disease (Stroke: I60-I69),F,Not Stated/Unknown,5
2014,Cerebrovascular Disease (Stroke: I60-I69),F,Black Non-Hispanic,274
2007,Human Immunodeficiency Virus Disease (HIV: B20-B24),M,Black Non-Hispanic,377
2010,"Intentional Self-Harm (Suicide: X60-X84, Y87.0)",F,Other Race/ Ethnicity,5
2010,"Mental and Behavioral Disorders due to Accidental Poisoning and Other Psychoactive Substance Use (F11-F16, F18-F19, X40-X42, X44)",F,Other Race/ Ethnicity,.
2010,Malignant Neoplasms (Cancer: C00-C97),F,Asian and Pacific Islander,414
2009,All Other Causes,M,Not Stated/Unknown,55
2013,Cerebrovascular Disease (Stroke: I60-I69),M,Asian and Pacific Islander,71
2008,Diabetes Mellitus (E10-E14),F,Not Stated/Unknown,12
2007,"Diseases of Heart (I00-I09, I11, I13, I20-I51)",M,Asian and Pacific Islander,496
2014,"Diseases of Heart (I00-I09, I11, I13, I20-I51)",F,White Non-Hispanic,4507
2011,"Essential Hypertension and Renal Diseases (I10, I12)",F,Not Stated/Unknown,.
2012,"Assault (Homicide: Y87.1, X85-Y09)",F,Other Race/ Ethnicity,.
2009,"Diseases of Heart (I00-I09, I11, I13, I20-I51)",M,Not Stated/Unknown,94
2009,"Mental and Behavioral Disorders due to Accidental Poisoning and Other Psychoactive Substance Use (F11-F16, F18-F19, X40-X42, X44)",M,Not Stated/Unknown,7
2010,"Intentional Self-Harm (Suicide: X60-X84, Y87.0)",M,White Non-Hispanic,182
2013,"Chronic Liver Disease and Cirrhosis (K70, K73)",M,Asian and Pacific Islander,29
2009,Malignant Neoplasms (Cancer: C00-C97),F,Not Stated/Unknown,41
2007,"Intentional Self-Harm (Suicide: X60-X84, Y87.0)",M,White Non-Hispanic,187
2013,Influenza (Flu) and Pneumonia (J09-J18),F,Other Race/ Ethnicity,6
2007,Influenza (Flu) and Pneumonia (J09-J18),F,Other Race/ Ethnicity,.
2008,"Nephritis, Nephrotic Syndrome and Nephrisis (N00-N07, N17-N19, N25-N27)",M,Asian and Pacific Islander,14
2007,"Diseases of Heart (I00-I09, I11, I13, I20-I51)",F,Hispanic,1418
2014,Alzheimer's Disease (G30),F,Not Stated/Unknown,.
2007,Chronic Lower Respiratory Diseases (J40-J47),M,Asian and Pacific Islander,43
2009,Influenza (Flu) and Pneumonia (J09-J18),F,White Non-Hispanic,629
2010,Cerebrovascular Disease (Stroke: I60-I69),M,Not Stated/Unknown,.
2010,Malignant Neoplasms (Cancer: C00-C97),M,Black Non-Hispanic,1540
2009,Certain Conditions originating in the Perinatal Period (P00-P96),F,Other Race/ Ethnicity,.
2011,"Essential Hypertension and Renal Diseases (I10, I12)",F,Black Non-Hispanic,225
2009,Chronic Lower Respiratory Diseases (J40-J47),M,Asian and Pacific Islander,51
2007,Chronic Lower Respiratory Diseases (J40-J47),F,Black Non-Hispanic,163
2010,Cerebrovascular Disease (Stroke: I60-I69),F,Other Race/ Ethnicity,.
2014,Influenza (Flu) and Pneumonia (J09-J18),M,Asian and Pacific Islander,105
2011,Diabetes Mellitus (E10-E14),M,White Non-Hispanic,258
2007,"Mental and Behavioral Disorders due to Accidental Poisoning and Other Psychoactive Substance Use (F11-F16, F18-F19, X40-X42, X44)",M,Black Non-Hispanic,163
2011,Chronic Lower Respiratory Diseases (J40-J47),M,Not Stated/Unknown,.
2007,"Mental and Behavioral Disorders due to Accidental Poisoning and Other Psychoactive Substance Use (F11-F16, F18-F19, X40-X42, X44)",M,White Non-Hispanic,261
2014,Alzheimer's Disease (G30),F,Asian and Pacific Islander,26
2008,"Essential Hypertension and Renal Diseases (I10, I12)",M,Asian and Pacific Islander,31
2009,"Diseases of Heart (I00-I09, I11, I13, I20-I51)",F,Hispanic,1349
2013,"Diseases of Heart (I00-I09, I11, I13, I20-I51)",F,Other Race/ Ethnicity,41
2007,Chronic Lower Respiratory Diseases (J40-J47),F,White Non-Hispanic,472
2008,Malignant Neoplasms (Cancer: C00-C97),F,Black Non-Hispanic,1756
2012,Diabetes Mellitus (E10-E14),F,Hispanic,200
2008,Influenza (Flu) and Pneumonia (J09-J18),M,Black Non-Hispanic,222
2011,"Assault (Homicide: Y87.1, X85-Y09)",M,Other Race/ Ethnicity,.
2011,Influenza (Flu) and Pneumonia (J09-J18),M,Black Non-Hispanic,243
2014,"Diseases of Heart (I00-I09, I11, I13, I20-I51)",M,Hispanic,1281
2011,Alzheimer's Disease (G30),F,Not Stated/Unknown,.
2007,Atherosclerosis (I70),F,Other Race/ Ethnicity,.
2009,Alzheimer's Disease (G30),F,Black Non-Hispanic,79
2009,Chronic Lower Respiratory Diseases (J40-J47),M,Hispanic,111
2013,Influenza (Flu) and Pneumonia (J09-J18),M,Asian and Pacific Islander,102
2011,All Other Causes,M,Not Stated/Unknown,38
2010,Human Immunodeficiency Virus Disease (HIV: B20-B24),F,Hispanic,79
2012,Diabetes Mellitus (E10-E14),M,Asian and Pacific Islander,76
2011,"Mental and Behavioral Disorders due to Accidental Poisoning and Other Psychoactive Substance Use (F11-F16, F18-F19, X40-X42, X44)",F,White Non-Hispanic,88
2011,Influenza (Flu) and Pneumonia (J09-J18),M,Hispanic,209
2014,All Other Causes,F,Hispanic,1135
2011,"Diseases of Heart (I00-I09, I11, I13, I20-I51)",M,White Non-Hispanic,4220
2013,Chronic Lower Respiratory Diseases (J40-J47),F,Hispanic,168
2007,Human Immunodeficiency Virus Disease (HIV: B20-B24),M,Not Stated/Unknown,6
2013,Diabetes Mellitus (E10-E14),M,Asian and Pacific Islander,96
2007,Malignant Neoplasms (Cancer: C00-C97),M,Other Race/ Ethnicity,29
2012,"Congenital Malformations, Deformations, and Chromosomal Abnormalities (Q00-Q99)",F,Not Stated/Unknown,8
2007,Malignant Neoplasms (Cancer: C00-C97),F,White Non-Hispanic,3518
2011,"Intentional Self-Harm (Suicide: X60-X84, Y87.0)",M,White Non-Hispanic,177
2009,Influenza (Flu) and Pneumonia (J09-J18),M,Other Race/ Ethnicity,.
2009,"Diseases of Heart (I00-I09, I11, I13, I20-I51)",F,Not Stated/Unknown,111
2013,"Essential Hypertension and Renal Diseases (I10, I12)",F,Black Non-Hispanic,240
2007,"Essential Hypertension and Renal Diseases (I10, I12)",F,Asian and Pacific Islander,22
2012,"Diseases of Heart (I00-I09, I11, I13, I20-I51)",M,Not Stated/Unknown,99
2014,Cerebrovascular Disease (Stroke: I60-I69),F,Other Race/ Ethnicity,8
2010,All Other Causes,M,Asian and Pacific Islander,308
2007,Cerebrovascular Disease (Stroke: I60-I69),F,Other Race/ Ethnicity,.
2010,"Chronic Liver Disease and Cirrhosis (K70, K73)",M,Asian and Pacific Islander,18
2012,All Other Causes,F,Not Stated/Unknown,53
2012,"Chronic Liver Disease and Cirrhosis (K70, K73)",M,Hispanic,143
2013,All Other Causes,F,Hispanic,1082
2013,Cerebrovascular Disease (Stroke: I60-I69),M,Other Race/ Ethnicity,10
2008,"Diseases of Heart (I00-I09, I11, I13, I20-I51)",F,Not Stated/Unknown,108
2012,"Essential Hypertension and Renal Diseases (I10, I12)",F,Black Non-Hispanic,214
2009,Chronic Lower Respiratory Diseases (J40-J47),M,Not Stated/Unknown,6
2011,Chronic Lower Respiratory Diseases (J40-J47),F,Not Stated/Unknown,5
2012,Malignant Neoplasms (Cancer: C00-C97),M,Asian and Pacific Islander,622
2013,"Diseases of Heart (I00-I09, I11, I13, I20-I51)",F,Asian and Pacific Islander,437
2014,Influenza (Flu) and Pneumonia (J09-J18),M,White Non-Hispanic,502
2007,Malignant Neoplasms (Cancer: C00-C97),F,Asian and Pacific Islander,395
2011,"Intentional Self-Harm (Suicide: X60-X84, Y87.0)",M,Asian and Pacific Islander,49
2014,"Accidents Except Drug Posioning (V01-X39, X43, X45-X59, Y85-Y86)",F,Other Race/ Ethnicity,6
2011,Chronic Lower Respiratory Diseases (J40-J47),F,Black Non-Hispanic,221
2008,Diabetes Mellitus (E10-E14),F,White Non-Hispanic,210
2008,All Other Causes,M,Asian and Pacific Islander,238
2009,Alzheimer's Disease (G30),F,White Non-Hispanic,205
2013,Malignant Neoplasms (Cancer: C00-C97),F,Not Stated/Unknown,94
2013,"Intentional Self-Harm (Suicide: X60-X84, Y87.0)",M,White Non-Hispanic,204
2013,All Other Causes,M,Other Race/ Ethnicity,42
2007,"Intentional Self-Harm (Suicide: X60-X84, Y87.0)",M,Asian and Pacific Islander,36
2011,All Other Causes,F,Hispanic,1025
2010,Diabetes Mellitus (E10-E14),M,Other Race/ Ethnicity,5
2013,All Other Causes,F,Black Non-Hispanic,1557
2007,Alzheimer's Disease (G30),F,White Non-Hispanic,107
2011,Influenza (Flu) and Pneumonia (J09-J18),F,Hispanic,218
2007,Chronic Lower Respiratory Diseases (J40-J47),F,Asian and Pacific Islander,29
2014,"Nephritis, Nephrotic Syndrome and Nephrisis (N00-N07, N17-N19, N25-N27)",M,Asian and Pacific Islander,28
2014,Cerebrovascular Disease (Stroke: I60-I69),M,Asian and Pacific Islander,91
2012,"Chronic Liver Disease and Cirrhosis (K70, K73)",F,Hispanic,54
2009,"Assault (Homicide: Y87.1, X85-Y09)",M,Not Stated/Unknown,7
2014,Influenza (Flu) and Pneumonia (J09-J18),M,Other Race/ Ethnicity,11
2011,Diabetes Mellitus (E10-E14),M,Hispanic,200
2007,Malignant Neoplasms (Cancer: C00-C97),F,Hispanic,969
2009,"Chronic Liver Disease and Cirrhosis (K70, K73)",F,Not Stated/Unknown,.
2007,All Other Causes,M,White Non-Hispanic,1749
2010,"Diseases of Heart (I00-I09, I11, I13, I20-I51)",F,Not Stated/Unknown,70
2011,All Other Causes,F,Not Stated/Unknown,14
2007,"Diseases of Heart (I00-I09, I11, I13, I20-I51)",M,White Non-Hispanic,5632
2010,Chronic Lower Respiratory Diseases (J40-J47),M,White Non-Hispanic,388
2013,Alzheimer's Disease (G30),F,White Non-Hispanic,263
2010,Chronic Lower Respiratory Diseases (J40-J47),M,Asian and Pacific Islander,61
2009,All Other Causes,M,Asian and Pacific Islander,220
2009,Malignant Neoplasms (Cancer: C00-C97),M,Black Non-Hispanic,1557
2013,Diabetes Mellitus (E10-E14),F,Asian and Pacific Islander,60
2014,Chronic Lower Respiratory Diseases (J40-J47),F,Asian and Pacific Islander,36
2010,"Diseases of Heart (I00-I09, I11, I13, I20-I51)",M,Asian and Pacific Islander,478
2011,Alzheimer's Disease (G30),F,Asian and Pacific Islander,24
2010,Viral Hepatitis (B15-B19),M,Not Stated/Unknown,.
2008,"Intentional Self-Harm (Suicide: X60-X84, Y87.0)",M,Other Race/ Ethnicity,.
2011,Chronic Lower Respiratory Diseases (J40-J47),F,Other Race/ Ethnicity,.
2012,Chronic Lower Respiratory Diseases (J40-J47),M,Not Stated/Unknown,11
2007,"Essential Hypertension and Renal Diseases (I10, I12)",F,Not Stated/Unknown,5
2014,Malignant Neoplasms (Cancer: C00-C97),M,Other Race/ Ethnicity,50
2007,"Accidents Except Drug Posioning (V01-X39, X43, X45-X59, Y85-Y86)",M,Black Non-Hispanic,158
2013,Influenza (Flu) and Pneumonia (J09-J18),M,Other Race/ Ethnicity,8
2013,"Diseases of Heart (I00-I09, I11, I13, I20-I51)",M,Not Stated/Unknown,151
2011,"Nephritis, Nephrotic Syndrome and Nephrisis (N00-N07, N17-N19, N25-N27)",F,Not Stated/Unknown,.
2013,Alzheimer's Disease (G30),F,Hispanic,120
2009,Influenza (Flu) and Pneumonia (J09-J18),M,Asian and Pacific Islander,84
2007,Certain Conditions originating in the Perinatal Period (P00-P96),F,Other Race/ Ethnicity,.
2008,"Accidents Except Drug Posioning (V01-X39, X43, X45-X59, Y85-Y86)",F,White Non-Hispanic,193
2014,"Accidents Except Drug Posioning (V01-X39, X43, X45-X59, Y85-Y86)",M,White Non-Hispanic,258
2013,Human Immunodeficiency Virus Disease (HIV: B20-B24),F,Black Non-Hispanic,107
2010,All Other Causes,F,Not Stated/Unknown,18
2012,Influenza (Flu) and Pneumonia (J09-J18),F,White Non-Hispanic,576
2014,All Other Causes,F,Not Stated/Unknown,48
2007,Influenza (Flu) and Pneumonia (J09-J18),F,Not Stated/Unknown,.
2010,All Other Causes,M,Hispanic,1167
2014,Influenza (Flu) and Pneumonia (J09-J18),F,Asian and Pacific Islander,80
2007,"Essential Hypertension and Renal Diseases (I10, I12)",F,Hispanic,78
2007,Chronic Lower Respiratory Diseases (J40-J47),M,White Non-Hispanic,345
2010,"Diseases of Heart (I00-I09, I11, I13, I20-I51)",M,Hispanic,1354
2011,Influenza (Flu) and Pneumonia (J09-J18),F,Other Race/ Ethnicity,6
2010,Certain Conditions originating in the Perinatal Period (P00-P96),F,Asian and Pacific Islander,18
2010,"Essential Hypertension and Renal Diseases (I10, I12)",F,White Non-Hispanic,219
2008,Cerebrovascular Disease (Stroke: I60-I69),F,White Non-Hispanic,379
2014,Malignant Neoplasms (Cancer: C00-C97),M,Not Stated/Unknown,73
2012,"Essential Hypertension and Renal Diseases (I10, I12)",F,Not Stated/Unknown,5
2013,"Essential Hypertension and Renal Diseases (I10, I12)",F,Hispanic,103
2009,Diabetes Mellitus (E10-E14),M,Asian and Pacific Islander,48
2012,All Other Causes,M,White Non-Hispanic,2316
2010,"Intentional Self-Harm (Suicide: X60-X84, Y87.0)",M,Asian and Pacific Islander,46
2012,"Diseases of Heart (I00-I09, I11, I13, I20-I51)",M,White Non-Hispanic,4156
2009,Cerebrovascular Disease (Stroke: I60-I69),M,Other Race/ Ethnicity,.
2009,Influenza (Flu) and Pneumonia (J09-J18),F,Other Race/ Ethnicity,5
2010,Chronic Lower Respiratory Diseases (J40-J47),F,Hispanic,156
2010,"Accidents Except Drug Posioning (V01-X39, X43, X45-X59, Y85-Y86)",M,Asian and Pacific Islander,54
2010,Malignant Neoplasms (Cancer: C00-C97),F,Not Stated/Unknown,29
2014,Chronic Lower Respiratory Diseases (J40-J47),M,Black Non-Hispanic,186
2009,Influenza (Flu) and Pneumonia (J09-J18),F,Not Stated/Unknown,17
2011,Influenza (Flu) and Pneumonia (J09-J18),M,Other Race/ Ethnicity,7
2007,Influenza (Flu) and Pneumonia (J09-J18),F,Hispanic,190
2010,Diabetes Mellitus (E10-E14),F,Not Stated/Unknown,5
2014,Influenza (Flu) and Pneumonia (J09-J18),F,Not Stated/Unknown,11
2014,"Essential Hypertension and Renal Diseases (I10, I12)",F,Hispanic,116
2011,"Essential Hypertension and Renal Diseases (I10, I12)",F,Other Race/ Ethnicity,.
2014,Malignant Neoplasms (Cancer: C00-C97),F,Hispanic,1154
2007,Certain Conditions originating in the Perinatal Period (P00-P96),F,Not Stated/Unknown,.
2014,Influenza (Flu) and Pneumonia (J09-J18),M,Hispanic,199
2011,"Diseases of Heart (I00-I09, I11, I13, I20-I51)",F,Black Non-Hispanic,2243
2013,Influenza (Flu) and Pneumonia (J09-J18),F,Not Stated/Unknown,18
2013,"Accidents Except Drug Posioning (V01-X39, X43, X45-X59, Y85-Y86)",F,Asian and Pacific Islander,35
2014,Diabetes Mellitus (E10-E14),M,Asian and Pacific Islander,71
2007,Malignant Neoplasms (Cancer: C00-C97),F,Black Non-Hispanic,1800
2011,Cerebrovascular Disease (Stroke: I60-I69),M,Asian and Pacific Islander,79
2012,Cerebrovascular Disease (Stroke: I60-I69),M,Black Non-Hispanic,170
2009,All Other Causes,F,Not Stated/Unknown,26
2014,All Other Causes,M,White Non-Hispanic,2275
2014,"Diseases of Heart (I00-I09, I11, I13, I20-I51)",F,Asian and Pacific Islander,462
2009,Malignant Neoplasms (Cancer: C00-C97),M,Asian and Pacific Islander,506
2011,All Other Causes,F,Black Non-Hispanic,1473
2013,"Essential Hypertension and Renal Diseases (I10, I12)",M,Not Stated/Unknown,15
2011,"Essential Hypertension and Renal Diseases (I10, I12)",F,Hispanic,83
2008,Human Immunodeficiency Virus Disease (HIV: B20-B24),M,Other Race/ Ethnicity,.
2012,"Diseases of Heart (I00-I09, I11, I13, I20-I51)",M,Asian and Pacific Islander,469
2013,Chronic Lower Respiratory Diseases (J40-J47),F,Black Non-Hispanic,258
2009,Malignant Neoplasms (Cancer: C00-C97),F,Other Race/ Ethnicity,19
2013,Malignant Neoplasms (Cancer: C00-C97),M,Other Race/ Ethnicity,32
2007,All Other Causes,F,Other Race/ Ethnicity,15
2012,"Mental and Behavioral Disorders due to Accidental Poisoning and Other Psychoactive Substance Use (F11-F16, F18-F19, X40-X42, X44)",M,Hispanic,173
2008,"Accidents Except Drug Posioning (V01-X39, X43, X45-X59, Y85-Y86)",F,Black Non-Hispanic,70
2010,Diabetes Mellitus (E10-E14),M,Hispanic,187
2008,Influenza (Flu) and Pneumonia (J09-J18),M,Hispanic,187
2009,All Other Causes,F,White Non-Hispanic,1684
2011,Certain Conditions originating in the Perinatal Period (P00-P96),F,Not Stated/Unknown,14
2009,Human Immunodeficiency Virus Disease (HIV: B20-B24),M,Not Stated/Unknown,8
2008,Influenza (Flu) and Pneumonia (J09-J18),M,Other Race/ Ethnicity,5
2010,"Diseases of Heart (I00-I09, I11, I13, I20-I51)",F,Hispanic,1316
2012,Alzheimer's Disease (G30),F,Black Non-Hispanic,115
2012,Chronic Lower Respiratory Diseases (J40-J47),M,Asian and Pacific Islander,55
2011,Influenza (Flu) and Pneumonia (J09-J18),F,White Non-Hispanic,696
2008,Insitu or Benign / Uncertain Neoplasms (D00-D48),F,Not Stated/Unknown,5
2007,Malignant Neoplasms (Cancer: C00-C97),M,Black Non-Hispanic,1523
2013,"Diseases of Heart (I00-I09, I11, I13, I20-I51)",M,White Non-Hispanic,4085
2014,Chronic Lower Respiratory Diseases (J40-J47),F,Black Non-Hispanic,220
2013,Diabetes Mellitus (E10-E14),M,Other Race/ Ethnicity,17
2007,"Accidents Except Drug Posioning (V01-X39, X43, X45-X59, Y85-Y86)",F,White Non-Hispanic,162
2007,"Intentional Self-Harm (Suicide: X60-X84, Y87.0)",F,Asian and Pacific Islander,22
2007,"Diseases of Heart (I00-I09, I11, I13, I20-I51)",F,Other Race/ Ethnicity,43
2007,"Essential Hypertension and Renal Diseases (I10, I12)",M,Asian and Pacific Islander,25
2008,Influenza (Flu) and Pneumonia (J09-J18),M,White Non-Hispanic,529
2007,Cerebrovascular Disease (Stroke: I60-I69),F,Not Stated/Unknown,.
2014,Malignant Neoplasms (Cancer: C00-C97),F,Not Stated/Unknown,50
2009,Atherosclerosis (I70),F,Other Race/ Ethnicity,.
2012,Cerebrovascular Disease (Stroke: I60-I69),F,Other Race/ Ethnicity,8
2011,"Essential Hypertension and Renal Diseases (I10, I12)",M,Asian and Pacific Islander,37
2010,"Essential Hypertension and Renal Diseases (I10, I12)",M,White Non-Hispanic,153
2008,Influenza (Flu) and Pneumonia (J09-J18),F,Black Non-Hispanic,318
2010,Certain Conditions originating in the Perinatal Period (P00-P96),F,Not Stated/Unknown,5
2008,Influenza (Flu) and Pneumonia (J09-J18),F,Not Stated/Unknown,14
2007,Chronic Lower Respiratory Diseases (J40-J47),F,Not Stated/Unknown,6
2010,Influenza (Flu) and Pneumonia (J09-J18),F,Not Stated/Unknown,.
2013,Diabetes Mellitus (E10-E14),M,White Non-Hispanic,265
2014,Malignant Neoplasms (Cancer: C00-C97),F,White Non-Hispanic,3153
2010,Cerebrovascular Disease (Stroke: I60-I69),M,Asian and Pacific Islander,83
2011,Malignant Neoplasms (Cancer: C00-C97),F,Other Race/ Ethnicity,33
2009,"Nephritis, Nephrotic Syndrome and Nephrisis (N00-N07, N17-N19, N25-N27)",M,Other Race/ Ethnicity,.
2009,Chronic Lower Respiratory Diseases (J40-J47),F,Other Race/ Ethnicity,.
2011,Cerebrovascular Disease (Stroke: I60-I69),F,Hispanic,179
2008,"Intentional Self-Harm (Suicide: X60-X84, Y87.0)",M,Asian and Pacific Islander,30
2007,All Other Causes,F,Not Stated/Unknown,27
2007,Diabetes Mellitus (E10-E14),F,Other Race/ Ethnicity,.
2012,All Other Causes,F,Black Non-Hispanic,1483
2013,Influenza (Flu) and Pneumonia (J09-J18),F,Black Non-Hispanic,285
2010,"Accidents Except Drug Posioning (V01-X39, X43, X45-X59, Y85-Y86)",M,Not Stated/Unknown,10
2008,Diabetes Mellitus (E10-E14),M,White Non-Hispanic,246
2013,Influenza (Flu) and Pneumonia (J09-J18),M,Not Stated/Unknown,24
2010,Alzheimer's Disease (G30),F,Black Non-Hispanic,88
2012,"Essential Hypertension and Renal Diseases (I10, I12)",M,Black Non-Hispanic,143
2007,"Essential Hypertension and Renal Diseases (I10, I12)",F,White Non-Hispanic,155
2012,"Essential Hypertension and Renal Diseases (I10, I12)",F,Hispanic,101
2010,"Accidents Except Drug Posioning (V01-X39, X43, X45-X59, Y85-Y86)",F,Asian and Pacific Islander,25
2007,Diabetes Mellitus (E10-E14),M,Asian and Pacific Islander,47
2010,"Intentional Self-Harm (Suicide: X60-X84, Y87.0)",M,Other Race/ Ethnicity,.
2013,Malignant Neoplasms (Cancer: C00-C97),F,Asian and Pacific Islander,467
2007,"Chronic Liver Disease and Cirrhosis (K70, K73)",M,Asian and Pacific Islander,18
2007,"Essential Hypertension and Renal Diseases (I10, I12)",F,Black Non-Hispanic,166
2007,"Diseases of Heart (I00-I09, I11, I13, I20-I51)",M,Not Stated/Unknown,86
2009,All Other Causes,F,Hispanic,775
2013,Human Immunodeficiency Virus Disease (HIV: B20-B24),M,Hispanic,122
2012,"Assault (Homicide: Y87.1, X85-Y09)",M,Black Non-Hispanic,235
2009,"Essential Hypertension and Renal Diseases (I10, I12)",F,Black Non-Hispanic,227
2008,All Other Causes,M,Other Race/ Ethnicity,8
2010,"Diseases of Heart (I00-I09, I11, I13, I20-I51)",F,Asian and Pacific Islander,394
2013,Malignant Neoplasms (Cancer: C00-C97),M,Hispanic,1146
2010,Cerebrovascular Disease (Stroke: I60-I69),F,White Non-Hispanic,382
2013,Diabetes Mellitus (E10-E14),F,White Non-Hispanic,238
2011,"Diseases of Heart (I00-I09, I11, I13, I20-I51)",M,Other Race/ Ethnicity,42
2009,Human Immunodeficiency Virus Disease (HIV: B20-B24),M,Black Non-Hispanic,329
2010,"Mental and Behavioral Disorders due to Accidental Poisoning and Other Psychoactive Substance Use (F11-F16, F18-F19, X40-X42, X44)",M,White Non-Hispanic,211
2013,"Mental and Behavioral Disorders due to Accidental Poisoning and Other Psychoactive Substance Use (F11-F16, F18-F19, X40-X42, X44)",F,Hispanic,63
2011,All Other Causes,F,White Non-Hispanic,2445
2009,Diabetes Mellitus (E10-E14),F,Other Race/ Ethnicity,.
2010,Insitu or Benign / Uncertain Neoplasms (D00-D48),F,Other Race/ Ethnicity,.
2013,"Assault (Homicide: Y87.1, X85-Y09)",M,Black Non-Hispanic,174
2012,"Essential Hypertension and Renal Diseases (I10, I12)",F,Other Race/ Ethnicity,.
2011,Alzheimer's Disease (G30),F,Other Race/ Ethnicity,.
2012,Human Immunodeficiency Virus Disease (HIV: B20-B24),M,Black Non-Hispanic,223
2013,"Essential Hypertension and Renal Diseases (I10, I12)",M,Other Race/ Ethnicity,5
2010,Human Immunodeficiency Virus Disease (HIV: B20-B24),M,Not Stated/Unknown,8
2009,Certain Conditions originating in the Perinatal Period (P00-P96),M,Not Stated/Unknown,8
2013,Chronic Lower Respiratory Diseases (J40-J47),M,Not Stated/Unknown,15
2011,Malignant Neoplasms (Cancer: C00-C97),M,Hispanic,1144
2010,Malignant Neoplasms (Cancer: C00-C97),M,White Non-Hispanic,3408
2010,All Other Causes,M,White Non-Hispanic,2034
2010,"Diseases of Heart (I00-I09, I11, I13, I20-I51)",F,Other Race/ Ethnicity,50
2013,Cerebrovascular Disease (Stroke: I60-I69),M,White Non-Hispanic,249
2013,"Accidents Except Drug Posioning (V01-X39, X43, X45-X59, Y85-Y86)",F,Other Race/ Ethnicity,.
2013,"Essential Hypertension and Renal Diseases (I10, I12)",F,White Non-Hispanic,206
2013,Certain Conditions originating in the Perinatal Period (P00-P96),F,Other Race/ Ethnicity,.
2007,Human Immunodeficiency Virus Disease (HIV: B20-B24),F,Hispanic,109
2009,Malignant Neoplasms (Cancer: C00-C97),F,Black Non-Hispanic,1735
2007,Influenza (Flu) and Pneumonia (J09-J18),M,Other Race/ Ethnicity,7
2011,"Chronic Liver Disease and Cirrhosis (K70, K73)",M,Hispanic,167
2011,"Chronic Liver Disease and Cirrhosis (K70, K73)",M,Other Race/ Ethnicity,5
2013,Diabetes Mellitus (E10-E14),F,Other Race/ Ethnicity,10
2010,Influenza (Flu) and Pneumonia (J09-J18),M,White Non-Hispanic,614
2010,"Accidents Except Drug Posioning (V01-X39, X43, X45-X59, Y85-Y86)",M,Black Non-Hispanic,147
2011,Human Immunodeficiency Virus Disease (HIV: B20-B24),M,Black Non-Hispanic,277
2012,All Other Causes,M,Other Race/ Ethnicity,24
2007,All Other Causes,M,Not Stated/Unknown,43
2007,Diabetes Mellitus (E10-E14),F,Hispanic,205
2007,"Essential Hypertension and Renal Diseases (I10, I12)",M,Black Non-Hispanic,137
2014,Human Immunodeficiency Virus Disease (HIV: B20-B24),M,Not Stated/Unknown,10
2008,Diabetes Mellitus (E10-E14),F,Asian and Pacific Islander,47
2012,Chronic Lower Respiratory Diseases (J40-J47),F,Hispanic,158
2012,"Accidents Except Drug Posioning (V01-X39, X43, X45-X59, Y85-Y86)",M,White Non-Hispanic,286
2007,"Assault (Homicide: Y87.1, X85-Y09)",M,Other Race/ Ethnicity,.
2013,Cerebrovascular Disease (Stroke: I60-I69),F,Other Race/ Ethnicity,7
2010,Influenza (Flu) and Pneumonia (J09-J18),F,White Non-Hispanic,707
2012,"Diseases of Heart (I00-I09, I11, I13, I20-I51)",F,White Non-Hispanic,4719
2008,"Essential Hypertension and Renal Diseases (I10, I12)",F,Hispanic,104
2014,"Chronic Liver Disease and Cirrhosis (K70, K73)",M,Hispanic,164
2008,Chronic Lower Respiratory Diseases (J40-J47),M,Asian and Pacific Islander,46
2007,Chronic Lower Respiratory Diseases (J40-J47),M,Black Non-Hispanic,137
2014,Alzheimer's Disease (G30),F,Black Non-Hispanic,123
2008,"Accidents Except Drug Posioning (V01-X39, X43, X45-X59, Y85-Y86)",M,Asian and Pacific Islander,53
2011,Malignant Neoplasms (Cancer: C00-C97),F,Asian and Pacific Islander,451
2010,Human Immunodeficiency Virus Disease (HIV: B20-B24),M,Hispanic,189
2014,"Essential Hypertension and Renal Diseases (I10, I12)",M,White Non-Hispanic,175
2010,All Other Causes,M,Black Non-Hispanic,1230
2014,Diabetes Mellitus (E10-E14),F,Not Stated/Unknown,9
2011,Influenza (Flu) and Pneumonia (J09-J18),M,Not Stated/Unknown,8
2013,Chronic Lower Respiratory Diseases (J40-J47),M,Black Non-Hispanic,184
2008,"Diseases of Heart (I00-I09, I11, I13, I20-I51)",F,Black Non-Hispanic,2725
2010,Cerebrovascular Disease (Stroke: I60-I69),F,Black Non-Hispanic,259
2012,"Accidents Except Drug Posioning (V01-X39, X43, X45-X59, Y85-Y86)",M,Black Non-Hispanic,152
2014,Influenza (Flu) and Pneumonia (J09-J18),F,Black Non-Hispanic,266
2009,Malignant Neoplasms (Cancer: C00-C97),F,White Non-Hispanic,3346
2011,"Essential Hypertension and Renal Diseases (I10, I12)",F,White Non-Hispanic,199
2010,"Accidents Except Drug Posioning (V01-X39, X43, X45-X59, Y85-Y86)",M,Other Race/ Ethnicity,5
2013,"Diseases of Heart (I00-I09, I11, I13, I20-I51)",F,Black Non-Hispanic,2365
2013,All Other Causes,M,Asian and Pacific Islander,395
2011,"Accidents Except Drug Posioning (V01-X39, X43, X45-X59, Y85-Y86)",M,Not Stated/Unknown,.
2011,"Essential Hypertension and Renal Diseases (I10, I12)",F,Asian and Pacific Islander,46
2014,All Other Causes,M,Asian and Pacific Islander,424
2007,"Intentional Self-Harm (Suicide: X60-X84, Y87.0)",M,Not Stated/Unknown,5
2007,"Accidents Except Drug Posioning (V01-X39, X43, X45-X59, Y85-Y86)",F,Asian and Pacific Islander,32
2012,Alzheimer's Disease (G30),F,White Non-Hispanic,222
2012,Influenza (Flu) and Pneumonia (J09-J18),M,Not Stated/Unknown,11
2014,"Diseases of Heart (I00-I09, I11, I13, I20-I51)",F,Other Race/ Ethnicity,68
2008,Certain Conditions originating in the Perinatal Period (P00-P96),M,Other Race/ Ethnicity,.
2009,Diabetes Mellitus (E10-E14),F,Asian and Pacific Islander,55
2009,Malignant Neoplasms (Cancer: C00-C97),M,Hispanic,1180
2011,"Intentional Self-Harm (Suicide: X60-X84, Y87.0)",M,Not Stated/Unknown,.
2007,"Assault (Homicide: Y87.1, X85-Y09)",M,Hispanic,114
2011,Chronic Lower Respiratory Diseases (J40-J47),M,Asian and Pacific Islander,73
2007,"Mental and Behavioral Disorders due to Accidental Poisoning and Other Psychoactive Substance Use (F11-F16, F18-F19, X40-X42, X44)",F,Black Non-Hispanic,87
2009,Chronic Lower Respiratory Diseases (J40-J47),F,Black Non-Hispanic,188
2012,All Other Causes,M,Not Stated/Unknown,78
2008,"Intentional Self-Harm (Suicide: X60-X84, Y87.0)",M,White Non-Hispanic,195
2013,"Diseases of Heart (I00-I09, I11, I13, I20-I51)",M,Other Race/ Ethnicity,72
2007,Influenza (Flu) and Pneumonia (J09-J18),F,White Non-Hispanic,659
2011,All Other Causes,F,Other Race/ Ethnicity,38
2010,Influenza (Flu) and Pneumonia (J09-J18),M,Black Non-Hispanic,201
2012,"Accidents Except Drug Posioning (V01-X39, X43, X45-X59, Y85-Y86)",F,White Non-Hispanic,177
2010,Chronic Lower Respiratory Diseases (J40-J47),F,Asian and Pacific Islander,28
2013,Diabetes Mellitus (E10-E14),F,Black Non-Hispanic,410
2009,"Essential Hypertension and Renal Diseases (I10, I12)",M,Black Non-Hispanic,131
2014,Chronic Lower Respiratory Diseases (J40-J47),M,White Non-Hispanic,399
2009,All Other Causes,M,Hispanic,1067
2012,Influenza (Flu) and Pneumonia (J09-J18),M,White Non-Hispanic,540
2010,Alzheimer's Disease (G30),F,Hispanic,71
2013,Alzheimer's Disease (G30),F,Black Non-Hispanic,106
2013,"Accidents Except Drug Posioning (V01-X39, X43, X45-X59, Y85-Y86)",F,Hispanic,60
2013,"Chronic Liver Disease and Cirrhosis (K70, K73)",M,Other Race/ Ethnicity,.
2011,Chronic Lower Respiratory Diseases (J40-J47),F,Asian and Pacific Islander,30
2008,"Essential Hypertension and Renal Diseases (I10, I12)",M,White Non-Hispanic,165
2009,Influenza (Flu) and Pneumonia (J09-J18),M,Black Non-Hispanic,207
2011,"Mental and Behavioral Disorders due to Accidental Poisoning and Other Psychoactive Substance Use (F11-F16, F18-F19, X40-X42, X44)",F,Hispanic,56
2007,Cerebrovascular Disease (Stroke: I60-I69),M,Asian and Pacific Islander,56
2007,"Diseases of Heart (I00-I09, I11, I13, I20-I51)",M,Hispanic,1327
2009,"Congenital Malformations, Deformations, and Chromosomal Abnormalities (Q00-Q99)",F,Other Race/ Ethnicity,.
2008,Influenza (Flu) and Pneumonia (J09-J18),M,Not Stated/Unknown,11
2009,Cerebrovascular Disease (Stroke: I60-I69),M,Black Non-Hispanic,154
2014,Influenza (Flu) and Pneumonia (J09-J18),M,Black Non-Hispanic,242
2012,Influenza (Flu) and Pneumonia (J09-J18),M,Other Race/ Ethnicity,.
2008,All Other Causes,M,Hispanic,1069
2014,"Accidents Except Drug Posioning (V01-X39, X43, X45-X59, Y85-Y86)",F,Hispanic,64
2011,Cerebrovascular Disease (Stroke: I60-I69),F,Other Race/ Ethnicity,5
2009,"Intentional Self-Harm (Suicide: X60-X84, Y87.0)",M,Asian and Pacific Islander,35
2011,Diabetes Mellitus (E10-E14),F,Other Race/ Ethnicity,8
2014,Diabetes Mellitus (E10-E14),M,Hispanic,186
2010,"Accidents Except Drug Posioning (V01-X39, X43, X45-X59, Y85-Y86)",F,Not Stated/Unknown,.
2008,"Mental and Behavioral Disorders due to Accidental Poisoning and Other Psychoactive Substance Use (F11-F16, F18-F19, X40-X42, X44)",M,Not Stated/Unknown,13
2013,Cerebrovascular Disease (Stroke: I60-I69),F,Not Stated/Unknown,14
2014,Cerebrovascular Disease (Stroke: I60-I69),M,Not Stated/Unknown,8
2011,"Accidents Except Drug Posioning (V01-X39, X43, X45-X59, Y85-Y86)",M,Other Race/ Ethnicity,10
2013,"Mental and Behavioral Disorders due to Accidental Poisoning and Other Psychoactive Substance Use (F11-F16, F18-F19, X40-X42, X44)",M,White Non-Hispanic,286
2013,Chronic Lower Respiratory Diseases (J40-J47),M,Hispanic,142
2011,Influenza (Flu) and Pneumonia (J09-J18),F,Not Stated/Unknown,8
2014,Human Immunodeficiency Virus Disease (HIV: B20-B24),M,Black Non-Hispanic,196
2008,Influenza (Flu) and Pneumonia (J09-J18),F,White Non-Hispanic,621
2010,"Diseases of Heart (I00-I09, I11, I13, I20-I51)",M,Black Non-Hispanic,2015
2007,Diabetes Mellitus (E10-E14),M,White Non-Hispanic,237
2009,"Accidents Except Drug Posioning (V01-X39, X43, X45-X59, Y85-Y86)",F,Hispanic,56
2012,"Intentional Self-Harm (Suicide: X60-X84, Y87.0)",M,White Non-Hispanic,199
2012,"Diseases of Heart (I00-I09, I11, I13, I20-I51)",F,Asian and Pacific Islander,402
2010,Malignant Neoplasms (Cancer: C00-C97),F,Hispanic,1045
2014,"Intentional Self-Harm (Suicide: X60-X84, Y87.0)",M,White Non-Hispanic,204
2011,Chronic Lower Respiratory Diseases (J40-J47),F,White Non-Hispanic,510
2010,Cerebrovascular Disease (Stroke: I60-I69),F,Asian and Pacific Islander,89
2008,"Accidents Except Drug Posioning (V01-X39, X43, X45-X59, Y85-Y86)",M,Hispanic,186
2014,Malignant Neoplasms (Cancer: C00-C97),M,Hispanic,1146
2014,Chronic Lower Respiratory Diseases (J40-J47),F,Hispanic,193
2010,All Other Causes,M,Not Stated/Unknown,32
2014,"Mental and Behavioral Disorders due to Accidental Poisoning and Other Psychoactive Substance Use (F11-F16, F18-F19, X40-X42, X44)",M,Hispanic,191
2012,"Essential Hypertension and Renal Diseases (I10, I12)",M,Asian and Pacific Islander,39
2007,Cerebrovascular Disease (Stroke: I60-I69),M,Hispanic,126
2011,Diabetes Mellitus (E10-E14),F,White Non-Hispanic,253
2009,Diabetes Mellitus (E10-E14),F,Hispanic,215
2014,"Accidents Except Drug Posioning (V01-X39, X43, X45-X59, Y85-Y86)",M,Other Race/ Ethnicity,12
2008,"Diseases of Heart (I00-I09, I11, I13, I20-I51)",F,Other Race/ Ethnicity,35
2013,"Nephritis, Nephrotic Syndrome and Nephrisis (N00-N07, N17-N19, N25-N27)",F,Other Race/ Ethnicity,.
2012,"Intentional Self-Harm (Suicide: X60-X84, Y87.0)",M,Asian and Pacific Islander,40
2013,"Intentional Self-Harm (Suicide: X60-X84, Y87.0)",M,Asian and Pacific Islander,41
2012,Diabetes Mellitus (E10-E14),F,Black Non-Hispanic,409
2013,Chronic Lower Respiratory Diseases (J40-J47),M,White Non-Hispanic,437
2013,All Other Causes,M,Not Stated/Unknown,139
2011,Chronic Lower Respiratory Diseases (J40-J47),M,Hispanic,123
2012,"Essential Hypertension and Renal Diseases (I10, I12)",M,White Non-Hispanic,153
2014,Malignant Neoplasms (Cancer: C00-C97),M,Asian and Pacific Islander,657
2007,"Accidents Except Drug Posioning (V01-X39, X43, X45-X59, Y85-Y86)",M,Hispanic,154
2011,Malignant Neoplasms (Cancer: C00-C97),F,Black Non-Hispanic,1918
2007,Influenza (Flu) and Pneumonia (J09-J18),M,Not Stated/Unknown,13
2009,"Accidents Except Drug Posioning (V01-X39, X43, X45-X59, Y85-Y86)",F,White Non-Hispanic,178
2011,"Accidents Except Drug Posioning (V01-X39, X43, X45-X59, Y85-Y86)",M,White Non-Hispanic,272
2009,"Diseases of Heart (I00-I09, I11, I13, I20-I51)",M,Hispanic,1382
2010,"Accidents Except Drug Posioning (V01-X39, X43, X45-X59, Y85-Y86)",F,Other Race/ Ethnicity,.
2011,Diabetes Mellitus (E10-E14),M,Other Race/ Ethnicity,14
2013,Malignant Neoplasms (Cancer: C00-C97),F,Hispanic,1149
2013,Influenza (Flu) and Pneumonia (J09-J18),M,Hispanic,233
2007,"Accidents Except Drug Posioning (V01-X39, X43, X45-X59, Y85-Y86)",M,Not Stated/Unknown,8
2012,"Accidents Except Drug Posioning (V01-X39, X43, X45-X59, Y85-Y86)",F,Asian and Pacific Islander,34
2009,"Mental and Behavioral Disorders due to Accidental Poisoning and Other Psychoactive Substance Use (F11-F16, F18-F19, X40-X42, X44)",M,Hispanic,145
2012,All Other Causes,M,Asian and Pacific Islander,333
2007,"Diseases of Heart (I00-I09, I11, I13, I20-I51)",F,White Non-Hispanic,7050
2008,Influenza (Flu) and Pneumonia (J09-J18),F,Asian and Pacific Islander,73
2011,Cerebrovascular Disease (Stroke: I60-I69),F,Asian and Pacific Islander,98
2009,Human Immunodeficiency Virus Disease (HIV: B20-B24),F,Black Non-Hispanic,208
2014,Diabetes Mellitus (E10-E14),F,Black Non-Hispanic,398
2012,Cerebrovascular Disease (Stroke: I60-I69),M,Other Race/ Ethnicity,7
2012,"Intentional Self-Harm (Suicide: X60-X84, Y87.0)",M,Not Stated/Unknown,8
2011,"Diseases of Heart (I00-I09, I11, I13, I20-I51)",M,Black Non-Hispanic,1840
2014,"Congenital Malformations, Deformations, and Chromosomal Abnormalities (Q00-Q99)",F,Other Race/ Ethnicity,.
2008,All Other Causes,F,Other Race/ Ethnicity,19
2011,Human Immunodeficiency Virus Disease (HIV: B20-B24),F,Not Stated/Unknown,.
2007,Human Immunodeficiency Virus Disease (HIV: B20-B24),M,Other Race/ Ethnicity,.
2010,Chronic Lower Respiratory Diseases (J40-J47),F,White Non-Hispanic,501
2010,Diabetes Mellitus (E10-E14),F,Asian and Pacific Islander,51
2011,"Diseases of Heart (I00-I09, I11, I13, I20-I51)",M,Asian and Pacific Islander,452
2012,Malignant Neoplasms (Cancer: C00-C97),F,Black Non-Hispanic,1912
2008,Malignant Neoplasms (Cancer: C00-C97),F,Asian and Pacific Islander,344
2014,"Accidents Except Drug Posioning (V01-X39, X43, X45-X59, Y85-Y86)",F,Asian and Pacific Islander,42
2011,Malignant Neoplasms (Cancer: C00-C97),F,Hispanic,1085
2013,"Nephritis, Nephrotic Syndrome and Nephrisis (N00-N07, N17-N19, N25-N27)",F,Black Non-Hispanic,93
2014,Certain Conditions originating in the Perinatal Period (P00-P96),M,Not Stated/Unknown,25
2012,"Accidents Except Drug Posioning (V01-X39, X43, X45-X59, Y85-Y86)",M,Other Race/ Ethnicity,5
2013,Influenza (Flu) and Pneumonia (J09-J18),F,Asian and Pacific Islander,78
2007,"Assault (Homicide: Y87.1, X85-Y09)",M,Not Stated/Unknown,.
2008,"Diseases of Heart (I00-I09, I11, I13, I20-I51)",M,Other Race/ Ethnicity,39
2010,"Essential Hypertension and Renal Diseases (I10, I12)",M,Asian and Pacific Islander,30
2012,Diabetes Mellitus (E10-E14),F,White Non-Hispanic,240
2007,Human Immunodeficiency Virus Disease (HIV: B20-B24),M,Hispanic,218
2008,Cerebrovascular Disease (Stroke: I60-I69),M,Other Race/ Ethnicity,5
2012,Malignant Neoplasms (Cancer: C00-C97),M,Other Race/ Ethnicity,34
2008,All Other Causes,F,Hispanic,885
2013,"Mental and Behavioral Disorders due to Accidental Poisoning and Other Psychoactive Substance Use (F11-F16, F18-F19, X40-X42, X44)",M,Not Stated/Unknown,21
2009,"Nephritis, Nephrotic Syndrome and Nephrisis (N00-N07, N17-N19, N25-N27)",F,Other Race/ Ethnicity,.
2014,"Chronic Liver Disease and Cirrhosis (K70, K73)",M,Asian and Pacific Islander,31
2008,"Essential Hypertension and Renal Diseases (I10, I12)",F,White Non-Hispanic,151
2012,Influenza (Flu) and Pneumonia (J09-J18),M,Black Non-Hispanic,242
2007,Malignant Neoplasms (Cancer: C00-C97),M,Hispanic,1013
2009,"Essential Hypertension and Renal Diseases (I10, I12)",M,Other Race/ Ethnicity,.
2012,Human Immunodeficiency Virus Disease (HIV: B20-B24),M,Not Stated/Unknown,9
2008,Influenza (Flu) and Pneumonia (J09-J18),M,Asian and Pacific Islander,90
2009,Malignant Neoplasms (Cancer: C00-C97),M,Other Race/ Ethnicity,12
2010,Chronic Lower Respiratory Diseases (J40-J47),M,Not Stated/Unknown,12
2010,Malignant Neoplasms (Cancer: C00-C97),F,Black Non-Hispanic,1768
2012,Cerebrovascular Disease (Stroke: I60-I69),F,Hispanic,169
2012,"Chronic Liver Disease and Cirrhosis (K70, K73)",M,Asian and Pacific Islander,20
2010,Human Immunodeficiency Virus Disease (HIV: B20-B24),M,Black Non-Hispanic,297
2011,"Diseases of Heart (I00-I09, I11, I13, I20-I51)",F,Hispanic,1348
2011,"Assault (Homicide: Y87.1, X85-Y09)",F,Not Stated/Unknown,.
2013,"Accidents Except Drug Posioning (V01-X39, X43, X45-X59, Y85-Y86)",M,Other Race/ Ethnicity,5
2007,"Accidents Except Drug Posioning (V01-X39, X43, X45-X59, Y85-Y86)",F,Black Non-Hispanic,87
2014,"Mental and Behavioral Disorders due to Accidental Poisoning and Other Psychoactive Substance Use (F11-F16, F18-F19, X40-X42, X44)",M,White Non-Hispanic,314
2014,"Essential Hypertension and Renal Diseases (I10, I12)",M,Not Stated/Unknown,9
2009,Influenza (Flu) and Pneumonia (J09-J18),F,Asian and Pacific Islander,83
2007,All Other Causes,M,Black Non-Hispanic,1163
2014,"Mental and Behavioral Disorders due to Accidental Poisoning and Other Psychoactive Substance Use (F11-F16, F18-F19, X40-X42, X44)",M,Other Race/ Ethnicity,12
2009,"Mental and Behavioral Disorders due to Accidental Poisoning and Other Psychoactive Substance Use (F11-F16, F18-F19, X40-X42, X44)",M,White Non-Hispanic,221
2011,Influenza (Flu) and Pneumonia (J09-J18),M,Asian and Pacific Islander,94
2013,"Diseases of Heart (I00-I09, I11, I13, I20-I51)",M,Hispanic,1307
2011,Chronic Lower Respiratory Diseases (J40-J47),M,Black Non-Hispanic,200
2009,Certain Conditions originating in the Perinatal Period (P00-P96),M,Other Race/ Ethnicity,.
2007,Cerebrovascular Disease (Stroke: I60-I69),M,White Non-Hispanic,267
2013,Cerebrovascular Disease (Stroke: I60-I69),F,Asian and Pacific Islander,80
2014,Diabetes Mellitus (E10-E14),F,Asian and Pacific Islander,50
2014,"Mental and Behavioral Disorders due to Accidental Poisoning and Other Psychoactive Substance Use (F11-F16, F18-F19, X40-X42, X44)",F,Not Stated/Unknown,6
2007,Septicemia (A40-A41),F,Black Non-Hispanic,89
2011,All Other Causes,M,Other Race/ Ethnicity,27
2007,All Other Causes,M,Other Race/ Ethnicity,24
2007,All Other Causes,M,Asian and Pacific Islander,221
2009,Diabetes Mellitus (E10-E14),M,Black Non-Hispanic,285
2008,All Other Causes,M,Not Stated/Unknown,67
2011,Certain Conditions originating in the Perinatal Period (P00-P96),M,Not Stated/Unknown,10
2008,Cerebrovascular Disease (Stroke: I60-I69),F,Hispanic,152
2014,All Other Causes,M,Hispanic,1195
2008,"Accidents Except Drug Posioning (V01-X39, X43, X45-X59, Y85-Y86)",M,Other Race/ Ethnicity,.
2014,Cerebrovascular Disease (Stroke: I60-I69),M,Other Race/ Ethnicity,7
2014,Diabetes Mellitus (E10-E14),M,White Non-Hispanic,292
2011,Alzheimer's Disease (G30),F,White Non-Hispanic,231
2009,All Other Causes,F,Asian and Pacific Islander,220
2011,Diabetes Mellitus (E10-E14),M,Black Non-Hispanic,307
2014,Certain Conditions originating in the Perinatal Period (P00-P96),F,Not Stated/Unknown,10
2009,"Essential Hypertension and Renal Diseases (I10, I12)",F,Other Race/ Ethnicity,.
2012,"Intentional Self-Harm (Suicide: X60-X84, Y87.0)",M,Other Race/ Ethnicity,.
2008,Cerebrovascular Disease (Stroke: I60-I69),F,Not Stated/Unknown,13
2013,Diabetes Mellitus (E10-E14),M,Hispanic,192
2007,"Assault (Homicide: Y87.1, X85-Y09)",M,Black Non-Hispanic,267
2008,Chronic Lower Respiratory Diseases (J40-J47),F,Asian and Pacific Islander,30
2012,Cerebrovascular Disease (Stroke: I60-I69),F,Black Non-Hispanic,271
2012,All Other Causes,F,Asian and Pacific Islander,327
2012,"Nephritis, Nephrotic Syndrome and Nephrisis (N00-N07, N17-N19, N25-N27)",F,Black Non-Hispanic,76
2008,"Essential Hypertension and Renal Diseases (I10, I12)",F,Asian and Pacific Islander,32
2008,Influenza (Flu) and Pneumonia (J09-J18),F,Other Race/ Ethnicity,.
2012,Malignant Neoplasms (Cancer: C00-C97),M,Hispanic,1126
2013,"Diseases of Heart (I00-I09, I11, I13, I20-I51)",M,Asian and Pacific Islander,531
2009,Chronic Lower Respiratory Diseases (J40-J47),F,White Non-Hispanic,458
2007,All Other Causes,F,Asian and Pacific Islander,182
2010,All Other Causes,F,Asian and Pacific Islander,238
2009,Cerebrovascular Disease (Stroke: I60-I69),F,White Non-Hispanic,390
2010,"Diseases of Heart (I00-I09, I11, I13, I20-I51)",M,Not Stated/Unknown,70
2009,Influenza (Flu) and Pneumonia (J09-J18),M,Not Stated/Unknown,14
2013,"Accidents Except Drug Posioning (V01-X39, X43, X45-X59, Y85-Y86)",M,Asian and Pacific Islander,63
2010,Diabetes Mellitus (E10-E14),F,Black Non-Hispanic,384
2013,"Diseases of Heart (I00-I09, I11, I13, I20-I51)",F,Hispanic,1261
2009,Cerebrovascular Disease (Stroke: I60-I69),M,Asian and Pacific Islander,58
2014,"Diseases of Heart (I00-I09, I11, I13, I20-I51)",F,Black Non-Hispanic,2194
2008,Cerebrovascular Disease (Stroke: I60-I69),M,White Non-Hispanic,245
2009,Alzheimer's Disease (G30),F,Asian and Pacific Islander,14
2008,Viral Hepatitis (B15-B19),M,Not Stated/Unknown,6
2012,Diabetes Mellitus (E10-E14),M,Hispanic,194
2012,Chronic Lower Respiratory Diseases (J40-J47),M,Hispanic,132
2008,Diabetes Mellitus (E10-E14),M,Hispanic,191
2010,"Intentional Self-Harm (Suicide: X60-X84, Y87.0)",M,Not Stated/Unknown,.
2012,"Accidents Except Drug Posioning (V01-X39, X43, X45-X59, Y85-Y86)",M,Asian and Pacific Islander,56
2010,Diabetes Mellitus (E10-E14),M,Black Non-Hispanic,279
2008,"Diseases of Heart (I00-I09, I11, I13, I20-I51)",M,Asian and Pacific Islander,546
2014,"Diseases of Heart (I00-I09, I11, I13, I20-I51)",M,Black Non-Hispanic,1958
2007,Malignant Neoplasms (Cancer: C00-C97),M,White Non-Hispanic,3356
2009,Septicemia (A40-A41),F,Not Stated/Unknown,.
2014,Diabetes Mellitus (E10-E14),F,Other Race/ Ethnicity,11
2008,Malignant Neoplasms (Cancer: C00-C97),M,Other Race/ Ethnicity,33
2010,"Chronic Liver Disease and Cirrhosis (K70, K73)",M,Other Race/ Ethnicity,.
2014,"Diseases of Heart (I00-I09, I11, I13, I20-I51)",F,Hispanic,1230
2011,Diabetes Mellitus (E10-E14),M,Not Stated/Unknown,7
2009,Cerebrovascular Disease (Stroke: I60-I69),M,Hispanic,143
2007,Diabetes Mellitus (E10-E14),F,Not Stated/Unknown,.
2008,"Essential Hypertension and Renal Diseases (I10, I12)",M,Black Non-Hispanic,134
2014,Chronic Lower Respiratory Diseases (J40-J47),F,Other Race/ Ethnicity,6
2011,Chronic Lower Respiratory Diseases (J40-J47),M,White Non-Hispanic,444
2010,Influenza (Flu) and Pneumonia (J09-J18),F,Asian and Pacific Islander,74
2014,"Congenital Malformations, Deformations, and Chromosomal Abnormalities (Q00-Q99)",F,Not Stated/Unknown,.
2011,Cerebrovascular Disease (Stroke: I60-I69),F,Not Stated/Unknown,.
2014,All Other Causes,M,Not Stated/Unknown,96
2013,Certain Conditions originating in the Perinatal Period (P00-P96),F,Not Stated/Unknown,9
2013,"Intentional Self-Harm (Suicide: X60-X84, Y87.0)",M,Other Race/ Ethnicity,6
2011,"Accidents Except Drug Posioning (V01-X39, X43, X45-X59, Y85-Y86)",M,Hispanic,180
2014,All Other Causes,F,White Non-Hispanic,2578
2011,"Diseases of Heart (I00-I09, I11, I13, I20-I51)",M,Not Stated/Unknown,62
2008,Influenza (Flu) and Pneumonia (J09-J18),F,Hispanic,227
2011,Diabetes Mellitus (E10-E14),M,Asian and Pacific Islander,60
2014,Septicemia (A40-A41),F,White Non-Hispanic,118
2014,Diabetes Mellitus (E10-E14),F,White Non-Hispanic,228
2010,"Accidents Except Drug Posioning (V01-X39, X43, X45-X59, Y85-Y86)",F,Hispanic,58
2011,Viral Hepatitis (B15-B19),M,Not Stated/Unknown,.
2014,"Accidents Except Drug Posioning (V01-X39, X43, X45-X59, Y85-Y86)",M,Hispanic,176
2014,"Accidents Except Drug Posioning (V01-X39, X43, X45-X59, Y85-Y86)",M,Black Non-Hispanic,148
2014,Diabetes Mellitus (E10-E14),M,Black Non-Hispanic,318
2011,Human Immunodeficiency Virus Disease (HIV: B20-B24),M,Not Stated/Unknown,10
2013,All Other Causes,F,White Non-Hispanic,2595
2008,Chronic Lower Respiratory Diseases (J40-J47),M,Hispanic,132
2014,"Essential Hypertension and Renal Diseases (I10, I12)",F,Black Non-Hispanic,207
2014,"Accidents Except Drug Posioning (V01-X39, X43, X45-X59, Y85-Y86)",M,Asian and Pacific Islander,68
2008,"Intentional Self-Harm (Suicide: X60-X84, Y87.0)",F,Not Stated/Unknown,.
2013,Influenza (Flu) and Pneumonia (J09-J18),M,White Non-Hispanic,618
2008,"Diseases of Heart (I00-I09, I11, I13, I20-I51)",F,Hispanic,1445
2009,Human Immunodeficiency Virus Disease (HIV: B20-B24),M,Hispanic,196
2012,"Accidents Except Drug Posioning (V01-X39, X43, X45-X59, Y85-Y86)",M,Not Stated/Unknown,11
2011,Certain Conditions originating in the Perinatal Period (P00-P96),M,Other Race/ Ethnicity,.
2014,Influenza (Flu) and Pneumonia (J09-J18),F,Hispanic,218
2013,Influenza (Flu) and Pneumonia (J09-J18),M,Black Non-Hispanic,274
2009,"Essential Hypertension and Renal Diseases (I10, I12)",F,Asian and Pacific Islander,18
2013,"Chronic Liver Disease and Cirrhosis (K70, K73)",M,Hispanic,149
2008,"Diseases of Heart (I00-I09, I11, I13, I20-I51)",M,Not Stated/Unknown,92
2010,Influenza (Flu) and Pneumonia (J09-J18),M,Not Stated/Unknown,.
2011,Influenza (Flu) and Pneumonia (J09-J18),M,White Non-Hispanic,646
2013,Chronic Lower Respiratory Diseases (J40-J47),M,Other Race/ Ethnicity,.
2007,"Accidents Except Drug Posioning (V01-X39, X43, X45-X59, Y85-Y86)",F,Not Stated/Unknown,.
2008,Malignant Neoplasms (Cancer: C00-C97),F,Hispanic,1046
2012,Malignant Neoplasms (Cancer: C00-C97),M,Black Non-Hispanic,1563
2011,Diabetes Mellitus (E10-E14),F,Not Stated/Unknown,6
2008,Chronic Lower Respiratory Diseases (J40-J47),M,Not Stated/Unknown,10
2012,"Intentional Self-Harm (Suicide: X60-X84, Y87.0)",F,Asian and Pacific Islander,33
2012,Influenza (Flu) and Pneumonia (J09-J18),F,Black Non-Hispanic,295
2009,"Mental and Behavioral Disorders due to Accidental Poisoning and Other Psychoactive Substance Use (F11-F16, F18-F19, X40-X42, X44)",F,Hispanic,57
2008,Malignant Neoplasms (Cancer: C00-C97),M,White Non-Hispanic,3361
2007,Influenza (Flu) and Pneumonia (J09-J18),M,Asian and Pacific Islander,66
2007,"Congenital Malformations, Deformations, and Chromosomal Abnormalities (Q00-Q99)",F,Other Race/ Ethnicity,.
2010,Malignant Neoplasms (Cancer: C00-C97),F,Other Race/ Ethnicity,34
2012,Cerebrovascular Disease (Stroke: I60-I69),F,White Non-Hispanic,416
2009,"Intentional Self-Harm (Suicide: X60-X84, Y87.0)",F,Asian and Pacific Islander,17
2009,"Diseases of Heart (I00-I09, I11, I13, I20-I51)",F,Other Race/ Ethnicity,40
2008,"Diseases of Heart (I00-I09, I11, I13, I20-I51)",M,Black Non-Hispanic,2077
2008,Malignant Neoplasms (Cancer: C00-C97),M,Asian and Pacific Islander,473
2013,All Other Causes,F,Other Race/ Ethnicity,39
2008,Diabetes Mellitus (E10-E14),F,Other Race/ Ethnicity,.
2009,All Other Causes,M,White Non-Hispanic,1818
2012,Diabetes Mellitus (E10-E14),M,White Non-Hispanic,292
2007,Cerebrovascular Disease (Stroke: I60-I69),F,White Non-Hispanic,372
2012,"Essential Hypertension and Renal Diseases (I10, I12)",F,White Non-Hispanic,199
2011,All Other Causes,M,Hispanic,1207
2008,Chronic Lower Respiratory Diseases (J40-J47),M,White Non-Hispanic,347
2008,Malignant Neoplasms (Cancer: C00-C97),F,Other Race/ Ethnicity,21
2009,"Accidents Except Drug Posioning (V01-X39, X43, X45-X59, Y85-Y86)",M,Hispanic,170
2011,Tuberculosis (A16-A19),F,Not Stated/Unknown,.
2012,Chronic Lower Respiratory Diseases (J40-J47),F,Black Non-Hispanic,204
2010,Septicemia (A40-A41),F,White Non-Hispanic,107
2007,Septicemia (A40-A41),F,Hispanic,49
2014,"Nephritis, Nephrotic Syndrome and Nephrisis (N00-N07, N17-N19, N25-N27)",F,Black Non-Hispanic,90
2012,Malignant Neoplasms (Cancer: C00-C97),F,White Non-Hispanic,3256
2010,Influenza (Flu) and Pneumonia (J09-J18),M,Asian and Pacific Islander,108
2012,Certain Conditions originating in the Perinatal Period (P00-P96),M,Other Race/ Ethnicity,.
2012,"Diseases of Heart (I00-I09, I11, I13, I20-I51)",F,Other Race/ Ethnicity,48
2010,Diabetes Mellitus (E10-E14),M,Asian and Pacific Islander,64
2013,Cerebrovascular Disease (Stroke: I60-I69),F,White Non-Hispanic,427
2012,"Mental and Behavioral Disorders due to Accidental Poisoning and Other Psychoactive Substance Use (F11-F16, F18-F19, X40-X42, X44)",M,White Non-Hispanic,272
2007,"Accidents Except Drug Posioning (V01-X39, X43, X45-X59, Y85-Y86)",F,Hispanic,71
2008,"Assault (Homicide: Y87.1, X85-Y09)",M,Black Non-Hispanic,286
2010,"Chronic Liver Disease and Cirrhosis (K70, K73)",M,Hispanic,150
2009,Cerebrovascular Disease (Stroke: I60-I69),F,Asian and Pacific Islander,61
2008,Cerebrovascular Disease (Stroke: I60-I69),F,Other Race/ Ethnicity,.
2011,"Accidents Except Drug Posioning (V01-X39, X43, X45-X59, Y85-Y86)",F,White Non-Hispanic,184
2008,"Diseases of Heart (I00-I09, I11, I13, I20-I51)",F,Asian and Pacific Islander,456
2012,"Congenital Malformations, Deformations, and Chromosomal Abnormalities (Q00-Q99)",F,Other Race/ Ethnicity,.
2007,"Diseases of Heart (I00-I09, I11, I13, I20-I51)",F,Not Stated/Unknown,82
2009,Human Immunodeficiency Virus Disease (HIV: B20-B24),F,Hispanic,96
2007,"Assault (Homicide: Y87.1, X85-Y09)",F,Other Race/ Ethnicity,.
2011,"Accidents Except Drug Posioning (V01-X39, X43, X45-X59, Y85-Y86)",M,Asian and Pacific Islander,61
2014,Malignant Neoplasms (Cancer: C00-C97),M,White Non-Hispanic,3142
2010,"Accidents Except Drug Posioning (V01-X39, X43, X45-X59, Y85-Y86)",M,Hispanic,132
2012,Influenza (Flu) and Pneumonia (J09-J18),F,Hispanic,209
2010,Certain Conditions originating in the Perinatal Period (P00-P96),M,Not Stated/Unknown,6
2010,"Nephritis, Nephrotic Syndrome and Nephrisis (N00-N07, N17-N19, N25-N27)",F,Black Non-Hispanic,86
2010,Cerebrovascular Disease (Stroke: I60-I69),F,Hispanic,168
2010,Cerebrovascular Disease (Stroke: I60-I69),M,White Non-Hispanic,276
2013,Alzheimer's Disease (G30),F,Not Stated/Unknown,8
2014,Diabetes Mellitus (E10-E14),M,Other Race/ Ethnicity,18
2007,Insitu or Benign / Uncertain Neoplasms (D00-D48),F,Other Race/ Ethnicity,.
2014,Certain Conditions originating in the Perinatal Period (P00-P96),M,Other Race/ Ethnicity,8
2013,Malignant Neoplasms (Cancer: C00-C97),M,Not Stated/Unknown,99
2012,Malignant Neoplasms (Cancer: C00-C97),M,White Non-Hispanic,3184
2008,All Other Causes,M,Black Non-Hispanic,1216
2008,"Accidents Except Drug Posioning (V01-X39, X43, X45-X59, Y85-Y86)",M,White Non-Hispanic,272
2007,Chronic Lower Respiratory Diseases (J40-J47),F,Other Race/ Ethnicity,.
2008,"Nephritis, Nephrotic Syndrome and Nephrisis (N00-N07, N17-N19, N25-N27)",F,Black Non-Hispanic,71
2012,"Essential Hypertension and Renal Diseases (I10, I12)",F,Asian and Pacific Islander,39
2014,"Essential Hypertension and Renal Diseases (I10, I12)",F,Not Stated/Unknown,.
2012,All Other Causes,M,Black Non-Hispanic,1320
2008,Malignant Neoplasms (Cancer: C00-C97),M,Not Stated/Unknown,60
2012,Human Immunodeficiency Virus Disease (HIV: B20-B24),F,Black Non-Hispanic,136
2008,Human Immunodeficiency Virus Disease (HIV: B20-B24),F,Hispanic,113
2014,Alzheimer's Disease (G30),F,Hispanic,142
2008,All Other Causes,F,Not Stated/Unknown,42
2010,Diabetes Mellitus (E10-E14),F,White Non-Hispanic,258
2009,"Diseases of Heart (I00-I09, I11, I13, I20-I51)",M,Black Non-Hispanic,2068
2011,"Intentional Self-Harm (Suicide: X60-X84, Y87.0)",M,Other Race/ Ethnicity,5
2012,Certain Conditions originating in the Perinatal Period (P00-P96),F,Not Stated/Unknown,11
2011,Malignant Neoplasms (Cancer: C00-C97),M,Black Non-Hispanic,1590
2010,Chronic Lower Respiratory Diseases (J40-J47),M,Hispanic,149
2011,Malignant Neoplasms (Cancer: C00-C97),M,Other Race/ Ethnicity,36
2014,Cerebrovascular Disease (Stroke: I60-I69),F,Hispanic,220
2008,"Accidents Except Drug Posioning (V01-X39, X43, X45-X59, Y85-Y86)",F,Asian and Pacific Islander,36
2014,Alzheimer's Disease (G30),F,White Non-Hispanic,276
2013,Diabetes Mellitus (E10-E14),F,Not Stated/Unknown,15
2010,"Mental and Behavioral Disorders due to Accidental Poisoning and Other Psychoactive Substance Use (F11-F16, F18-F19, X40-X42, X44)",M,Not Stated/Unknown,6
2007,"Mental and Behavioral Disorders due to Accidental Poisoning and Other Psychoactive Substance Use (F11-F16, F18-F19, X40-X42, X44)",M,Hispanic,183
2009,Human Immunodeficiency Virus Disease (HIV: B20-B24),F,Not Stated/Unknown,.
2008,"Diseases of Heart (I00-I09, I11, I13, I20-I51)",F,White Non-Hispanic,6836
2009,Cerebrovascular Disease (Stroke: I60-I69),M,White Non-Hispanic,227
2008,Diabetes Mellitus (E10-E14),M,Asian and Pacific Islander,52
2014,"Chronic Liver Disease and Cirrhosis (K70, K73)",F,Not Stated/Unknown,.
2012,All Other Causes,F,Hispanic,1109
2007,Diabetes Mellitus (E10-E14),F,Asian and Pacific Islander,34
2008,Chronic Lower Respiratory Diseases (J40-J47),F,Hispanic,156
2013,"Mental and Behavioral Disorders due to Accidental Poisoning and Other Psychoactive Substance Use (F11-F16, F18-F19, X40-X42, X44)",F,Not Stated/Unknown,6
2011,"Mental and Behavioral Disorders due to Accidental Poisoning and Other Psychoactive Substance Use (F11-F16, F18-F19, X40-X42, X44)",M,White Non-Hispanic,254
2008,"Accidents Except Drug Posioning (V01-X39, X43, X45-X59, Y85-Y86)",F,Other Race/ Ethnicity,.
2009,Diabetes Mellitus (E10-E14),M,Other Race/ Ethnicity,.
2010,Malignant Neoplasms (Cancer: C00-C97),M,Other Race/ Ethnicity,25
2014,Human Immunodeficiency Virus Disease (HIV: B20-B24),M,Hispanic,92
2010,Human Immunodeficiency Virus Disease (HIV: B20-B24),F,Black Non-Hispanic,152
2008,"Nephritis, Nephrotic Syndrome and Nephrisis (N00-N07, N17-N19, N25-N27)",F,Asian and Pacific Islander,13
2014,Chronic Lower Respiratory Diseases (J40-J47),F,Not Stated/Unknown,12
2007,Human Immunodeficiency Virus Disease (HIV: B20-B24),F,Black Non-Hispanic,248
2010,Atherosclerosis (I70),F,Not Stated/Unknown,.
2014,All Other Causes,F,Black Non-Hispanic,1536
2009,"Nephritis, Nephrotic Syndrome and Nephrisis (N00-N07, N17-N19, N25-N27)",F,Black Non-Hispanic,75
2008,"Chronic Liver Disease and Cirrhosis (K70, K73)",F,Other Race/ Ethnicity,.
2012,Influenza (Flu) and Pneumonia (J09-J18),F,Not Stated/Unknown,6
2014,"Accidents Except Drug Posioning (V01-X39, X43, X45-X59, Y85-Y86)",F,White Non-Hispanic,169
2009,Malignant Neoplasms (Cancer: C00-C97),M,White Non-Hispanic,3236
2009,"Intentional Self-Harm (Suicide: X60-X84, Y87.0)",M,White Non-Hispanic,191
2013,"Essential Hypertension and Renal Diseases (I10, I12)",M,Black Non-Hispanic,148
